Gene,label_encoded,BrainSpinalcordcervicalc1_GTExTPM,KidneyMedulla_GTExTPM,HeartLeftVentricle_GTExTPM,FallopianTube_GTExTPM,Liver_GTExTPM,EsophagusMucosa_GTExTPM,CellsEBVtransformedlymphocytes_GTExTPM,CellsCulturedfibroblasts_GTExTPM,MuscleSkeletal_GTExTPM,Testis_GTExTPM,Spleen_GTExTPM,Pituitary_GTExTPM,WholeBlood_GTExTPM,AdrenalGland_GTExTPM,GDI_Phred,Effect_SBP_Median,Effect_PP_Median,Effect_DBP_Median,HIPred_haploinsufficiency,pLI_exac,SDI_Drug_Probability,ExomiserScore_IncreasedBP_MultiHPOTerms,ExomiserScore_DecreasedBP_MultiHPOTerms,RVIS_genic_intolerance
GGNBP1,2.0,0.0,0.0223356,0.0,0.0,0.0,0.0,0.378641,0.0,0.0,6.04134,0.167554,0.0569535,0.0193832,0.0175397,0.80177,-0.056,-0.0447,-0.0012,0.26428095921428585,0.11889101308697782,0.071954774,0.0,0.0,0.09271428571428571
BIRC8,2.0,0.0,0.0,0.0,0.0,0.0,0.0,0.0,0.0,0.0,19.1258,0.0,0.0,0.0,0.0,2.84901,0.01175,0.0163,0.00585,0.111908376,6.54e-07,0.069192978,0.500029731,0.500116999,1.86
OR10J3,2.0,0.0,0.0,0.0,0.0,0.0,0.0,0.0,0.113672,0.0,0.0,0.0,0.0,0.0,0.0,6.07198,-0.0007,0.0096,-0.002,0.123297259,0.001039428,0.051636578,0.500000007,0.500000131,0.31
ZNF286B,2.0,0.706788,0.904861,0.145201,1.28137,0.134173,0.46868,0.589235,0.93444,0.190387,0.911304,0.823156,1.07495,0.076501,0.478589,17.27843,-0.0058,-0.0152,-0.0011,0.186891869,0.003746029,0.053038083,0.0,0.0,0.6665714285714285
COLCA1,2.0,0.317533,7.07442,0.141394,10.8175,0.338163,2.69537,0.50074,0.0330336,0.188529,2.30677,0.557303,0.475412,0.0192248,0.348803,1.19247,-0.00985,-0.01015,-0.0002,0.179693475,0.02661554,0.070124777,0.5037741268961905,0.507742598257143,0.11942857142857144
CLLU1,2.0,0.0,0.0430401,0.0,0.0,0.0,0.0331275,0.264654,0.0,0.0169773,0.0119005,0.0231202,0.0,0.0,0.0,3.85475,0.0428,0.0209,0.0165,0.146139458,0.041368284,0.053355798,0.505027312657143,0.5152234769285717,0.42071428571428576
OFCC1,2.0,0.0,0.0,0.0,0.0,0.0,0.0,0.113909,0.0,0.0,0.814621,0.0,0.0,0.0,0.0,8.27431,-0.0009,-0.00115,0.001,0.17751041625714295,0.045806174188037105,0.07888248544285716,0.0,0.0,0.7651428571428568
UBBP4,2.0,8.92305,1.45881,1.15326,1.95166,2.09571,1.20858,2.85659,2.06883,2.11387,105.313,2.32975,3.5156,3.5196,2.84593,11.07485,-0.02,-0.00415,-0.0169,0.18980889,0.061068295,0.10990634345714291,0.5038016893999999,0.5094032195000001,0.16785714285714276
PRR21,2.0,0.0,0.0,0.0,0.0,0.0,0.0,0.0,0.0,0.0,0.0634489,0.0,0.0,0.0,0.0,9.86619,-0.0029,-0.0033,-0.0014,0.237914741,0.003652752,0.07886472044285715,0.5046365900714287,0.5113743186571429,0.5840000000000002
C9orf163,2.0,0.265642,0.953132,0.0592585,0.656346,0.51919,0.574811,0.288181,0.185427,0.132313,5.93235,0.596798,3.76257,0.0546352,0.358823,5.711080428571427,0.0327,0.0126,-0.0358,0.153042644,0.055046603,0.10972966648571433,0.5025107772523809,0.5071718620999999,0.15
KIR3DX1,2.0,0.1231,0.0146914,0.00807139,0.0436244,0.0314596,0.00791488,0.978169,0.0,0.0103261,0.371277,0.603065,0.0218519,0.88981,0.0715515,3.19122,-0.0069,-0.003,-0.00195,0.24733456491428585,0.06640149949861712,0.09249230474285712,0.5048631861714288,0.5160495465000002,-0.18400000000000002
TMEM78,2.0,0.0223093,0.0251949,0.0,0.0,0.0,0.0,0.0,0.0,0.0192901,0.130451,0.0,0.0,0.0,0.0,6.68075,0.0016,0.0003,-0.0086,0.21936186884285727,0.0392697410237383,0.0899480738142857,0.5041828829114287,0.5102594661142859,0.36485714285714294
FAM182B,2.0,1.04978,0.270178,0.126044,1.38335,0.0563413,0.484774,0.0912101,0.110042,0.124129,11.3845,0.22025,2.63536,0.0321604,0.299508,0.85119,0.0871,0.02575,0.0495,0.33194790861428575,0.1352797556844286,0.10984630761428575,0.5031842640428573,0.5150784639142858,-0.2792857142857142
LOH12CR2,2.0,8.52736,2.75394,0.965988,3.12986,0.661395,0.538088,0.673345,1.5539,0.623049,1.77758,1.08924,4.59853,0.359423,1.92351,3.72508,0.10925,0.06805,0.046,0.19787774848571435,0.08962014227699193,0.1096773490714286,0.5062937607809522,0.5219062610714285,-0.009428571428571437
PAXIP1-AS2,2.0,1.4836,2.31304,0.751052,6.80789,1.77775,1.8298,5.85594,4.80882,0.804918,3.20924,4.57562,5.45897,0.691576,3.6798,0.46207,0.0006849999999999957,0.0004985714285714372,0.0004214285714285657,0.146139458,0.09168088,0.1098255971285715,0.5041920140000001,0.5109652299571427,-0.08542857142857145
RP11-176H8.1,2.0,3.73676,1.954,1.08471,4.22246,0.937063,2.10794,1.85989,1.6977,2.59195,6.02111,1.96694,4.15237,0.157624,1.52735,0.56301,0.0055800000000000086,-0.0005885714285714258,0.031148571428571442,0.111908376,0.172135497,0.10523885870000002,0.511035322957143,0.5129082927857143,-0.038714285714285715
RP11-113D6.10,2.0,0.0,0.00561218,0.0,0.0,0.0182137,0.0,0.0160106,0.0,0.0,16.8851,0.0,0.0,0.0,0.0,8.08594,0.003533571428571427,0.0024971428571428406,0.000357142857142883,0.138881207,0.34890553,0.07811683878571432,0.5038823389142857,0.5119868133285717,0.9812857142857137
PTCHD3,2.0,0.0,0.0,0.0,0.0958237,0.0,0.040461,0.0,0.0,0.0,3.8955,0.161329,0.0,0.0,0.0,15.99359,-0.0031,-0.0001,0.001,0.123297259,6.38e-11,0.070722998,0.0,0.0,3.16
BRI3BP,2.0,13.1499,5.72383,1.39313,3.40762,4.37406,12.6571,49.4382,8.01932,0.871298,4.26135,8.82672,5.83737,2.23634,2.87851,0.78365,-0.0005,-0.0009,0.00415,0.42872709,0.125132505,0.080466105,0.0,0.0,-0.36
SACM1L,2.0,20.1971,18.5736,6.78633,28.7388,10.4166,18.457,25.9219,31.5161,6.84177,17.804,29.2248,31.6323,8.862,24.0012,0.94154,-0.0123,-0.0037,-0.0053,0.693781972,0.721901743,0.112123056,0.500007495,0.500518989,-0.42
LDHB,2.0,383.889,786.406,873.758,364.696,11.9977,140.54,1127.89,738.488,128.27,143.991,194.832,186.419,74.2765,409.089,1.52454,0.01865,0.0086,0.0046,0.561718941,2.03e-05,0.120383642,0.50414018,0.520848798,-0.25
METTL13,2.0,8.96755,12.7995,6.62912,20.4469,7.08001,14.7212,34.5619,34.8662,11.0235,32.1318,19.6314,10.8081,5.24399,19.354,11.02115,0.0079,-0.0102,0.0137,0.49568212,0.00133198,0.11195514062857145,0.0,0.0,-0.66
PRNT,2.0,0.0,0.0,0.0,0.0,0.0,0.0,0.0,0.0,0.0,15.6821,0.0,0.0,0.0,0.0,0.25941,-0.00045,0.0023499999999999,-0.00475,0.179693475,0.105498859,0.052540639,0.5035531202857142,0.5091649601714284,0.6218571428571429
FMO6P,2.0,0.0,0.0142925,0.0186218,0.123427,0.029309,0.0419607,0.0,0.246611,0.027583,0.0477606,0.0,0.0882329,0.0,0.0420816,4.88346,-0.00445,0.0007,-0.00255,0.170125708,0.376800998,0.0899083048285714,0.0,0.0,0.20057142857142868
MDS2,2.0,0.045306,0.276583,0.00875534,0.0948098,0.0339932,0.0328367,0.452416,0.0,0.0169622,0.493323,0.943516,0.129829,0.328155,0.0374725,10.49529,0.017,0.0161,0.0042,0.179693475,0.042965573,0.053038083,0.5061541525285715,0.5126447794428574,0.28357142857142853
TMEM105,2.0,0.0672839,0.0340725,0.0,0.0556298,1.43849,0.464685,0.0144868,0.0110185,0.16265,0.300096,0.27837,0.0583301,0.0326174,0.274119,3.20049,0.0012,0.0034,0.0001,0.123297259,0.011619609,0.052631346,0.5045020677,0.5133154198857145,0.73
GABARAPL3,2.0,0.0208279,0.0367341,0.0183604,0.0,0.016121,0.0,0.0,0.0,0.036596,0.840847,0.0,0.0978896,0.0,0.0267056,4.50403,-0.0032,0.0001,-0.0033,0.171224996,0.019405965,0.092183797,0.5034339216714285,0.5062478841142857,0.04928571428571427
EIF2S3L,2.0,0.121887,0.113477,0.0778795,0.318078,0.0799235,0.228861,0.844305,0.538222,0.165994,2.64307,0.182784,0.14607,0.151374,0.203026,8.90959,-0.0036499999999999,-0.01165,0.0034,0.375431418,0.147907105,0.1095985321428572,0.5033333921628573,0.5062380215000001,0.10299999999999995
RFPL3S,2.0,1.06857,1.24233,0.159532,1.15532,0.388028,0.429532,0.946083,0.245911,0.235224,64.7789,2.34467,2.62571,0.395956,0.465675,0.92393,0.0212,0.003,0.003,0.146139458,0.415441822,0.10543452832857145,0.5041639665714288,0.5115812895142858,-0.016571428571428577
TLX1NB,2.0,0.0,0.0,0.0,0.0,0.0,0.0,0.0,0.0,0.0,1.67001,3.23103,0.0,0.0,0.0,5.67049,0.0265,-0.0002,0.0103,0.179693475,0.019335617,0.08053818342857141,0.5039857997142857,0.5116755309428573,0.6974285714285715
PRR25,2.0,0.152991,0.140908,0.0192003,0.238036,0.0240839,0.0792539,0.224228,0.123246,0.0,0.537825,0.246126,0.187685,0.10088,0.0463611,11.24303,0.0009,0.0011,-0.0034,0.179693475,3.13e-06,0.10540827381428579,0.505085113757143,0.5118988977285718,0.08442857142857138
COX6A1P2,2.0,3.84091,3.89378,0.603163,2.61624,2.01895,3.48807,3.42909,2.24555,0.258921,2.81402,4.87448,3.04681,1.36303,2.44916,2.91368,-0.0177,0.0065,-0.0096,0.139342904,0.139600416,0.10968218380000003,0.5030753236142855,0.5061696087571428,0.044428571428571435
C11orf40,2.0,0.0,0.0,0.0,0.0,0.0,0.0,0.0,0.0,0.0,0.0,0.0,0.0,0.126992,0.0,5.641823714285714,0.0047,-0.0018,0.0049,0.146139458,4.85e-08,0.07081187544285714,0.5051498767000001,0.5116653593857146,0.8
LINC00692,2.0,0.0,0.0,0.0,0.0,0.0,0.0,0.0,0.0,0.0,11.987,0.0,0.0,0.0,0.0,1.83132,-0.0047,-0.0105,-0.00295,0.19620802687142874,0.06548706337857141,0.07898486192857145,0.5029223694857143,0.5074240645000001,0.4708571428571431
PALM2,2.0,1.25066,0.429585,0.782174,0.525546,1.41016,0.130803,0.0793873,2.61602,0.178258,0.298579,0.0295098,0.697898,0.0,0.712634,1.61635,0.0021999999999999,-0.003,0.00185,0.132359073,0.003893171,0.10520812024285724,0.504684507357143,0.5128088910428571,-0.11
DSCR4,2.0,0.0,0.0,0.0,0.0,0.0,0.0,0.0,0.0,0.0,0.914702,0.0,0.0,0.0,0.0,1.12894,0.0043,0.0016,0.0013,0.146139458,0.001317005,0.07847276127142859,0.5045089709857143,0.5110774800571429,0.6888571428571427
C15orf32,2.0,0.0,0.0,0.0,0.0,0.0,0.0,0.0,0.0,0.0,2.63846,0.0,0.0,0.0,0.0,5.662076999999999,0.0096,0.0008,-0.0010999999999999,0.146139458,0.005509554,0.07818686550000001,0.5030859524857142,0.5075696966571427,0.46
LINC00923,2.0,0.0456236,0.166885,0.157336,0.299722,0.124895,0.0764505,0.0,0.0,0.0,1.45915,0.171071,0.79611,0.0,0.462361,1.00405,-0.0092,-0.0041,-0.0007,0.3276268711571429,0.04415740593292225,0.10547784568571435,0.5038145685342859,0.5084435276285715,-0.29099999999999987
GTSCR1,2.0,0.0,0.0,0.0,0.0,0.0387683,0.0,0.0,0.0,0.0,1.16751,0.0830164,0.0,0.198994,0.0,3.48523,0.0068,0.0057,0.0009,0.16017249335714304,0.018010119703542344,0.07900139961428573,0.5048966563428573,0.5144553668000003,0.6504285714285717
MTRNR2L9,2.0,0.0,0.0,0.0,0.0,0.0,0.0,0.0,0.0,0.0,0.0,0.0,0.0,0.0,0.0,0.01089,0.0004,0.0004,0.00025,0.16468271671428586,0.09358365872857141,0.07898457512857145,0.5049004819285716,0.5107333566857144,0.5797142857142857
LINC00908,2.0,0.10683,0.223385,0.0335954,4.4301,0.0348889,0.214573,2.17279,0.265352,0.0269543,3.74866,0.243944,1.48766,0.0484841,2.84958,0.0606,-0.0045,-0.0006,0.00055,0.3243584286,0.1343592465,0.10544822808571434,0.5034614173628574,0.5056112108428573,-0.3231428571428572
LINC01101,2.0,0.0,0.0137408,0.0,0.0560136,0.0,0.0,0.0,0.0,0.0,0.57027,0.0,0.0348176,0.0,0.0,6.966,-0.0167,-0.0105,-0.0041,0.218175572014286,0.025787502651821715,0.07888296592857144,0.5040076216485717,0.5103051100571432,0.44357142857142884
TPRXL,2.0,0.0784895,0.103304,0.0354917,0.272274,0.00927575,13.0264,0.00297422,0.0286567,0.0250001,5.15588,0.182095,0.191196,0.0,0.0411856,10.74367,-0.00135,-0.01675,0.0008,0.25350203075714306,0.03732578056838324,0.10545936754285726,0.504263250757143,0.5108649661714286,0.14414285714285704
RP11-144F15.1,2.0,0.09737,0.0715135,0.0493059,0.0888247,0.146698,0.212255,0.0542527,0.146828,0.0381248,0.343548,0.120798,0.253185,0.0,0.178875,0.83636,0.0033135714285714222,0.0010828571428571328,0.0011442857142857155,0.179693475,0.021976295,0.10550220298571436,0.5045522020142857,0.5106957298857145,-0.2161428571428571
RP11-321M21.3,2.0,0.0,0.0,0.0,0.0,0.0,0.0,0.0,0.0,0.0,1.9942,0.0,0.0,0.0,0.0,0.21275,0.00823571428571429,0.002202142857142854,0.006816428571428584,0.146139458,0.099221673,0.07846950152857146,0.5032919585857142,0.5080219734285714,0.7457142857142856
RP11-80A15.1,2.0,0.121859,0.384452,0.0,0.176918,0.278096,0.151541,0.317662,0.703341,0.0,1.10703,0.201085,0.548067,0.0,0.322195,0.87069,0.0027999999999999943,0.0015499999999999947,0.0013842857142857168,0.146139458,0.108183261,0.10553906307142863,0.5048484168571429,0.5114629728142859,-0.29228571428571426
CTD-3088G3.8,2.0,0.467782,0.825174,0.257583,1.88217,0.400353,0.203027,0.3754,0.0238137,0.404853,4.03908,7.32972,0.59993,19.3684,0.18999,33.88234,0.002677857142857139,-0.0012021428571428582,0.0025050000000000016,0.2217018033571429,0.08264474279191185,0.10997137408571438,0.5052440942285715,0.5149183016571429,0.8582857142857142
RP11-362K2.2,2.0,0.0,0.0,0.0,0.0,0.0,0.0,0.0,0.0285978,0.212332,0.240821,0.0,0.0,0.0,0.0,5.16005,0.0028807142857142864,0.0007485714285714257,0.0007200000000000157,0.17143728217142873,0.008155133507033292,0.0804102077857143,0.5045185784000001,0.5105535340714288,0.5192857142857145
RP11-180C1.1,2.0,0.0,0.0,0.0,0.0,0.0,0.0,0.0,1.11002,0.0,5.54057,0.0,0.0,0.0,0.0,0.61106,0.008473571428571434,0.0010871428571428475,0.004815714285714301,0.158472774057143,0.10199936087142851,0.07899998208571431,0.5035701201714287,0.5080747723571428,0.6675714285714285
RP11-67H2.1,2.0,0.0,0.0,0.0,0.0,0.0,0.0,0.0,0.0,0.0,0.0196865,0.0,0.0,0.0,0.0,0.00845,0.007162142857142863,0.001425,0.007179285714285717,0.15637118568571445,0.09656473033571424,0.07986476208571429,0.5048812400142858,0.5159446250571431,0.577
RP11-65D24.2,2.0,0.0,0.0,0.0,0.0,0.0,0.0,0.0,0.0,0.0,1.17841,0.0,0.0,0.0,0.0,0.96117,0.004096428571428573,0.0011392857142857112,0.0015500000000000101,0.16613780935714303,0.05572981461428575,0.07899956087142859,0.5046199148714287,0.5108983693857144,0.6389999999999999
RET,1.0,0.697806,0.652675,0.312384,0.704304,0.823939,0.246496,0.0360053,0.0580689,0.405021,3.25417,0.17869,4.81746,0.113555,1.17234,6.47477,0.00675,0.0007999999999999,0.004,0.806311309,0.999889044,0.286525404,0.519351961,0.626229365,-1.61
PDE6C,1.0,0.306695,0.275326,0.108601,0.853749,0.202267,0.270945,0.186514,0.2073,0.197655,0.631568,0.48528,0.755872,0.0484162,0.215528,10.63181,-0.0087,0.00665,-0.001,0.492040008,7.42e-08,0.052540639,0.502585843,0.503814916,0.12
GRIA4,1.0,12.3333,0.0241189,0.0200591,0.731775,0.0106298,0.0228656,0.0342633,0.0200325,0.0465122,0.188926,0.037806,1.62579,0.00499629,0.0588607,1.16364,0.01425,0.0033,0.0018,0.749501348,0.98874921,0.159237608,0.500082993,0.500478197,-1.09
GUCY1A2,1.0,1.38585,0.691264,1.59885,11.396,0.339026,0.348602,0.00686294,0.295071,1.37221,1.18831,2.62814,0.645505,0.00443843,1.41983,0.84013,0.0008,-0.0023499999999999,0.0005499999999999,0.745749354,0.377257493,0.1096457192714286,0.501702532,0.5035534,-1.05
GRIK4,1.0,4.83028,0.2765,0.0191375,0.166642,0.0227414,0.187249,0.396466,0.00540394,0.0335642,2.06455,0.586592,2.65544,0.0682486,1.8747,4.50654,-0.0002,-0.0001,-0.0008,0.622939706,0.630846158,0.134330582,0.500004153,0.500026669,-0.55
PDE3B,1.0,0.996518,0.566117,0.937207,0.638952,5.56019,0.960893,2.01144,0.0980678,0.119145,7.62595,4.70245,4.64986,3.43539,0.316277,3.20931,-0.0020499999999999,-0.0072499999999999,-0.02485,0.694493771,0.00361647,0.119832034,0.500649001,0.502717551,0.07
ABCC8,1.0,9.74942,0.739279,0.967023,1.70193,0.0836391,0.12661,0.0179703,0.0113234,1.15933,1.04186,0.202676,74.0619,0.0134976,0.374595,4.2315,0.00185,0.0085,-0.00895,0.771454096,3.94e-15,0.08914801,0.526361041,0.536444679,-2.09
TH,1.0,0.0802941,0.427995,0.0343506,0.45145,0.362574,0.516143,0.0138184,0.0,0.0148918,1.30405,0.293351,2.59871,0.0,4.16756,10.29111,-0.031,-0.0088,-0.0186,0.792615056,0.004098744,0.279506442,0.521368099,0.527352523,-0.95
F2,1.0,0.101464,0.0408405,0.060409,0.11964,599.629,0.0599814,0.0281983,0.0314615,0.0302997,1.38948,0.0899843,0.161261,0.0727988,0.0388778,6.90025,-0.0089,-0.0108,0.0016,0.634786546,0.959943188,0.155963167,0.502306672,0.511558842,-0.71
NDUFS3,1.0,36.3436,57.1115,61.7201,37.3734,28.5577,46.5139,62.5508,49.0399,78.5766,48.6447,43.9076,54.4568,13.2736,54.8533,0.87476,0.1445,0.0845,-0.0002999999999999,0.320700407,0.047137034,0.116013336,0.500012624,0.500372015,-0.16
CHRM1,1.0,0.293911,0.0882214,0.0238667,0.0781488,0.00964019,0.0494328,0.0129208,0.0214162,0.0149278,0.177064,0.0114082,0.0484809,0.0116904,0.0699256,0.4394,0.0177,0.027,0.0133,0.70702368,0.931378497,0.176944408,0.501911245,0.502194612,-0.69
PDE2A,1.0,4.96283,13.5683,8.60099,46.5931,4.74434,8.7603,0.132844,0.207386,6.31162,8.4564,181.624,11.1906,0.745161,26.9135,4.00736,-0.0166,-0.0075499999999999,-0.0006,0.75617367,0.988417593,0.214518704,0.502575906,0.522325978,-1.09
PAH,1.0,1.1296,6.36514,0.0,0.0661753,252.492,0.0246837,0.0795956,0.0,0.00619285,4.41485,0.0385018,2.57442,0.014856,2.95855,2.33963,0.00695,0.00505,-0.0017,0.527515531,1.2e-10,0.051636578,0.500296532,0.506234797,-0.71
GRIN2B,1.0,0.17123,0.0318961,0.00293746,0.0213295,0.0164392,0.0115106,0.00334462,0.00761008,0.0025393,0.631728,0.0116746,0.0592792,0.00164657,0.00744376,1.21856,0.006,0.0033,0.0042,0.778094649,0.999994896,0.221813015,0.500530786,0.501736238,-2.41
PDE3A,1.0,1.00443,3.90782,30.7248,9.08769,0.732066,1.50722,0.0277649,1.20246,1.62575,0.91261,2.51811,2.59756,0.0593866,0.662657,8.01225,-0.0063,-0.00735,-0.002,0.746229529,0.106612096,0.07026291,0.551842227,0.669546701,-1.1
NDUFA9,1.0,8.48216,14.8796,24.571,12.2025,7.9681,13.4931,25.2306,14.7099,24.5059,9.25965,11.2565,11.3557,3.97956,13.0781,2.73582,-0.0004,-0.0143,0.0038499999999999,0.3769328,0.542744184,0.111476994,0.500011146,0.500343496,0.31
VDR,1.0,0.115552,3.30652,0.178733,2.09882,0.334088,17.9224,7.89811,21.3092,1.41063,1.51429,3.63426,19.1386,7.33678,11.7527,1.49969,0.015,0.0031,0.00535,0.786468923,0.392125212,0.103577578,0.668495209,0.857904394,-0.62
SCN8A,1.0,1.33201,0.326159,0.0757611,0.365112,1.40935,0.235542,0.0249006,8.09553,0.0411646,2.57787,0.78407,10.9359,0.0781171,0.509784,2.16874,0.0015,0.0029,-0.0055,0.680501699,0.99999829,0.139527258,0.506028074,0.509140511,-1.75
PDE1B,1.0,3.84815,5.61569,2.47265,12.6566,0.76794,3.38334,4.44733,0.124622,1.19713,4.78424,19.0739,1.29733,7.00806,3.10136,0.9706,0.0001,-0.0001,0.0009,0.774626613,0.946737284,0.06996536,0.502468749,0.503834074,-0.16
AVPR1A,1.0,0.0992919,1.08614,0.956415,9.02131,9.97207,0.835678,0.0273869,0.0281945,1.10581,0.706631,0.470662,0.934033,0.0387486,35.5012,4.01799,-0.0006,0.0009,-0.0012,0.388514519,1.29e-05,0.080074988,0.573702516,0.970139227,-0.25
NDUFA12,1.0,35.4206,42.9839,78.0964,35.764,18.4898,37.7438,66.9428,48.5619,76.8237,35.8515,39.0669,41.638,13.1335,37.7535,0.3772,-0.01155,-0.00085,5e-05,0.218234867,0.002015993,0.104095731,0.500011701,0.500363364,-0.1
FLT3,1.0,3.32469,0.0196975,0.0596041,0.648448,0.0811088,0.399994,0.494588,0.0,0.0381492,2.77523,5.38279,0.0750737,3.43483,0.197492,11.21944,-5e-05,0.0033,-0.0002,0.696868777,0.609047701,0.17404162,0.500736134,0.502352709,0.1
RXFP2,1.0,0.0,0.0,0.0,0.190174,0.0,0.0,0.0,0.0411932,0.0196425,0.524613,0.0145069,0.0,0.0497954,0.243699,6.46394,0.0023,0.0006,0.0045,0.279577017,2.94e-08,0.090887843,0.502673448,0.503883377,-0.18
EDNRB,1.0,15.3792,23.2031,11.8732,26.1792,8.7499,3.00794,0.156333,3.9055,5.43128,2.93654,12.7098,6.63288,0.499284,24.8536,2.16801,0.0036,-0.001,0.012,0.76138556,0.019361522,0.094085815,0.560026938,0.780916865,0.31
PTGER2,1.0,0.531257,5.18348,0.243543,5.33853,0.774575,1.37093,0.659814,54.8665,0.182733,3.58141,19.729,1.156,24.6543,1.08742,1.19803,0.01095,0.00465,-0.001,0.515755296,0.105022888,0.078859939,0.6501142,1.0,-0.16
ESR2,1.0,0.105048,1.08199,0.195191,1.05855,0.161012,0.508706,2.26057,0.0343007,0.384489,3.85063,1.2617,0.787582,0.262009,3.55883,2.13375,-0.0068,-0.0002,-0.00455,0.563732088,5.15e-08,0.089629696,0.529754522,0.726779776,-0.95
KCNK10,1.0,2.12447,0.168321,0.00957653,0.00656611,0.00713295,1.05053,0.0228955,0.0,0.0,1.09841,0.0228774,0.669683,0.00706485,0.0272705,5.10072,-0.0027,-0.00085,0.00015,0.646386564,0.007579692,0.0682285,0.0,0.0,-0.38
GABRB3,1.0,1.29129,1.05411,0.178369,0.926308,0.147216,0.277393,0.00941936,0.318395,0.0426017,2.24269,0.249645,13.8341,0.0052848,0.408823,9.11838,0.0001,0.0005,-0.0009,0.80798018,0.99707396,0.177961972,0.500009387,0.513815992,-0.49
GABRG3,1.0,0.0732447,0.0746319,0.0,0.0226041,0.00375467,0.006737,0.0,0.0,0.0,1.8874,0.254591,1.76352,0.0,0.00416581,1.34351,-0.0031,-0.0023,-0.0003,0.80871886,0.993679844,0.203157961,0.50000262,0.500737571,-0.09
NDUFAF1,1.0,21.5288,18.7641,22.7639,19.1309,16.8776,16.711,28.3239,34.5245,33.8049,40.4543,17.8901,19.012,9.33317,37.6666,7.94118,0.0827499999999999,-0.0009499999999999,0.0816,0.240975097,0.00389629,0.088881579,0.500004996,0.527577244,0.58
MGAM,1.0,0.171238,0.534414,0.112877,0.830904,0.243044,0.0651042,0.0150479,0.294892,0.0585028,1.83839,14.9145,0.203455,43.1291,0.0637054,16.91441,0.0002,0.00275,-0.0012,0.431424886,1.55e-23,0.121631664,0.500079212,0.503218357,2.36
CYP19A1,1.0,0.228244,0.0273807,0.060147,0.207228,0.00627946,0.0699947,0.0665872,7.60643,0.0479666,2.67041,0.305508,0.0194052,0.156842,0.353801,6.54736,0.025,0.0044,0.0188,0.322202206,0.00055961,0.080195092,0.522210057,0.797587169,-0.56
CA12,1.0,0.31257,105.491,0.0893567,38.0486,0.140044,90.3666,0.116712,63.9688,0.11126,1.17056,0.693754,7.1247,0.221276,0.158418,1.19656,0.00785,0.0084,0.00625,0.196595117,9.91e-09,0.070285088,0.0,0.0,-0.62
CHRNA3,1.0,0.224993,0.110417,0.0670321,0.0795115,0.00571161,0.130565,0.284571,0.0464428,0.0946701,2.15908,0.139479,1.58278,0.00586167,0.38753,2.3362,0.00745,0.0024999999999999,0.0049,0.390099078,0.007061638,0.257892317,0.500274737,0.807572853,-1.11
CHRNB4,1.0,0.0,0.086073,0.0,0.0219351,0.00688639,0.501678,0.00853215,0.0,0.0,11.1055,0.163756,0.405228,0.0,0.303716,4.7721,0.0129,-0.00195,0.0208,0.282110006,0.018626609,0.203626675,0.500247207,0.518387722,0.73
PDE8A,1.0,39.099,22.986,8.45232,30.8388,20.1172,10.8596,28.6723,24.4503,7.12677,30.097,21.302,24.7527,2.68188,34.6952,3.78359,0.00385,0.003,-0.00115,0.650558949,0.713477057,0.071959201,0.0,0.0,-0.2
GRIN2A,1.0,0.984664,0.20105,0.2898,0.398573,0.0152228,0.117538,0.0567163,0.0095719,0.0223246,1.43504,0.00721744,0.116383,0.00301837,0.0244027,2.38246,-0.0041,-0.002,-0.0003,0.843373597,0.998044808,0.282267688,0.500525762,0.501739645,-1.46
NDUFB10,1.0,117.224,166.033,333.586,171.178,94.6416,124.586,138.357,194.183,429.817,166.737,126.654,112.025,68.0722,127.586,0.70328,0.0131,-0.00205,0.0079,0.239817828,0.046629914,0.06607077,0.500013105,0.500383337,-0.47
NDUFAB1,1.0,40.1868,63.4478,158.701,59.9988,43.7203,53.8709,104.033,59.5629,106.533,56.9655,46.3289,69.4162,9.29395,65.8298,0.35281,-0.0038,-0.0198,0.0032,0.550109684,0.755255332,0.127027129,0.500078764,0.500488883,-0.21
VKORC1,1.0,54.9631,96.1636,32.5123,148.864,244.214,52.488,97.3414,306.698,17.7855,97.4639,75.8487,171.048,41.865,112.419,0.21368,0.0374,-0.0091,-0.0016,0.139342904,0.081803076,0.079359216,0.500036397,0.500456604,0.19
SLC6A2,1.0,0.0155809,0.0868139,0.0,0.230239,0.0514698,0.0789777,0.0,0.00813318,0.00930065,6.57083,0.0,0.0,0.0,0.260956,3.00986,-0.0039,-0.0075,-0.0014,0.756070495,0.2771183,0.137548853,0.500121811,0.502034344,-0.44
SLC12A3,1.0,0.0428508,24.9413,0.0,0.0446556,0.010241,0.033439,0.348518,0.0,0.0057934,0.165843,0.749872,0.0455474,0.031119,0.00967003,6.56344,-0.0007,0.002,0.0055,0.250911236,5.54e-18,0.119781483,0.577262555,0.96018788,-1.62
TUBB3,1.0,24.0836,2.96456,0.761237,1.10894,0.135267,1.28741,0.658431,48.0179,0.172558,45.8705,0.660208,38.0586,0.150437,8.74397,0.30705,-0.0006,-0.0339499999999999,0.00115,0.626313508,0.960789307,0.156063725,0.500008159,0.500050723,-0.76
ADORA2B,1.0,1.17597,0.90575,0.985767,2.16182,0.261175,13.801,0.36612,11.6443,0.348083,3.06145,0.970129,3.84967,1.0522,1.84249,4.40801,0.0185,0.0143,0.0034,0.517467737,2.01e-05,0.078592804,0.532250116,0.735949176,0.64
SLC6A4,1.0,0.128064,0.194622,0.0460676,0.306704,0.0419469,1.64547,1.77677,0.0461832,0.0637374,0.688546,0.248634,0.172285,0.130236,0.0889003,2.33887,0.0074,0.0023,0.0035,0.761866033,0.854880095,0.156509966,0.503581992,0.504553919,-0.6
CA4,1.0,3.4822,16.3461,9.74304,3.97963,0.16907,0.501134,0.434169,0.045292,2.99493,1.0863,10.8483,12.5266,36.1839,0.452809,2.16362,0.0361,0.0031,0.0173499999999999,0.209607884,0.01080885,0.344252042,0.500312556,0.500397364,0.22
CHRNB1,1.0,8.94195,8.1087,4.14626,5.76212,7.79498,5.76331,9.51713,3.92235,92.0056,4.33191,7.38551,7.20542,2.01193,29.2805,6.90787,-0.0771,0.0003,-0.0072,0.322640508,4.34e-06,0.120892867,0.500019465,0.514229726,-0.4
NDUFV2,1.0,50.9102,82.218,111.358,50.5888,99.0883,72.4749,138.145,80.28,143.358,67.9897,52.3538,48.7008,20.4194,85.9969,3.9784,0.0023,0.0022,-0.0061,0.287445456,0.007630223,0.104239245,0.500011668,0.500372421,0.13
PDE4A,1.0,3.91662,7.33943,5.92391,14.2888,1.23723,3.44031,15.5605,16.4294,12.1911,32.6212,11.6078,5.87592,5.28874,6.29746,6.03083,-0.003,0.0097,-0.0032,0.710803688,0.976417636,0.121624721,0.0,0.0,-1.11
KEAP1,1.0,39.7786,18.5452,22.615,43.4659,21.2222,50.7641,36.7936,52.9517,88.3333,31.1007,34.0948,34.9408,11.5759,37.5018,0.90037,0.0061,0.0223,0.0044,0.764716923,0.251629058,0.152685426,0.507082169,0.509030267,-1.13
BRD4,1.0,9.5732,18.73,10.2277,32.7676,12.73,24.0635,28.2132,22.2823,24.9878,34.6925,30.851,24.5031,19.5028,19.6762,2.96128,-0.0351,0.0113,-0.01515,0.831385493,0.999993446,0.088841418,0.500004569,0.500060242,-1.48
PDE4C,1.0,0.358716,3.88782,1.09208,4.82819,0.447421,1.60614,0.683587,0.188661,1.16371,3.79138,2.29922,3.30197,0.0281276,0.310148,8.26686,-0.00645,-0.0104,-0.0057,0.522324622,4.89e-05,0.080689965,0.500070756,0.50260452,0.42
GRIK5,1.0,5.25308,10.4276,1.09626,11.9139,0.227091,1.79211,0.197888,0.189491,0.354901,86.9284,1.91981,33.6877,0.286419,0.510211,2.53978,-0.0004,-0.0003,-0.001,0.670620084,0.917779688,0.257681701,0.509133101,0.506115038,-1.13
GRIN2D,1.0,0.787343,0.356308,0.16909,1.21012,0.132584,0.234945,0.313998,6.80052,0.0586515,2.87621,0.494843,0.571317,0.18225,0.544408,2.33202,-0.0006,0.0021,0.0154,0.739532948,0.998648757,0.137368134,0.500534109,0.501601548,-0.8184285714285718
INSR,1.0,13.4636,15.9292,17.1603,43.6946,22.9703,5.77095,16.1545,7.83435,17.5548,12.5475,90.8835,29.4736,1.44396,28.0393,2.59553,-0.0041,-0.0006,-0.0024,0.743839204,0.186547844,0.388304341,0.501230107,0.507302998,-2.14
ADORA3,1.0,14.8162,0.483078,0.687136,3.83222,0.472954,1.19194,0.136191,0.0,0.239868,2.32545,4.9652,2.28787,2.24752,7.99497,0.91844,-0.00685,-0.0042,0.0037,0.123297259,0.006057306,0.0682285,0.524665611,0.843638398,-0.09
ATP1A1,1.0,100.846,498.37,70.317,131.992,34.1715,221.73,269.533,208.799,41.7337,118.85,70.6004,178.044,38.7864,112.426,1.16887,-0.0054,-0.0015,-0.0012,0.824708164,0.99999385,0.498852198,0.501644697,0.508380947,-1.0
IL6R,1.0,5.5952,4.1569,3.64374,25.9063,38.0337,7.38618,6.70894,4.54585,67.242,6.17905,23.9987,13.5651,52.6906,7.56139,7.10856,-0.0053,0.0027,0.003,0.54232949,0.047869037,0.221850675,0.500636703,0.502625058,-0.16
CHRNB2,1.0,0.834177,0.116154,0.0208483,0.0737823,0.0428274,0.143031,0.130299,0.0780719,0.0266892,1.97427,0.0851975,7.07578,0.0539968,0.112605,0.82078,0.0338,0.0263,-0.0099,0.646412015,0.720254345,0.196939326,0.500021951,0.517008159,-0.69
ATP1A4,1.0,0.0859929,0.0350559,0.0684938,0.13657,0.0101497,0.0592329,0.0634868,0.0,0.849222,27.8959,0.223699,0.136271,0.0491981,0.0232253,5.01673,-0.00405,0.0028,-0.002,0.53460449,1.9e-11,0.077686188,0.500293305,0.510034014,0.55
ADORA1,1.0,43.1844,2.70811,3.55036,1.40266,0.158664,0.812021,0.045492,0.302798,0.708883,35.5194,6.46529,1.59342,0.0399672,0.21497,0.97171,-0.0115,0.0007,-0.0114499999999999,0.572527647,0.021258038,0.255110487,0.500337338,0.501445773,-0.2
REN,1.0,0.0,7.60327,0.0,1.80489,0.373362,0.204322,0.0,0.0668369,0.0,1.42401,0.163903,0.242582,0.0,0.663159,1.23092,0.00755,0.0173,0.0032,0.352524012,0.006604139,0.10559924,0.605228118,1.0,-0.4
KCNK2,1.0,2.20775,0.642603,0.0854284,1.39807,0.0143668,0.268337,0.0215678,95.7983,0.431231,0.71059,0.0292021,0.193146,0.0,49.3798,1.00181,0.0046,0.0008,0.001,0.836621523,0.339842885,0.200322211,0.0,0.0,-0.45
PARP1,1.0,67.5899,18.4726,25.3978,30.7528,13.3773,28.6775,173.97,54.2171,30.8979,50.2458,57.1035,46.376,8.76672,26.1555,10.61131,0.0035,0.0071,0.00545,0.705665529,0.006996931,0.194514712,0.500086197,0.503294681,-0.97
CHRM3,1.0,0.0682279,0.507317,0.0245066,0.506031,0.103994,1.04468,0.00528917,0.0105065,0.0161315,0.804615,0.41399,0.466764,0.00896111,0.184774,2.13666,-0.0006,-0.0006,0.0011,0.79233712,0.937026128,0.177371139,0.501905482,0.502181703,-0.14
CNR2,1.0,0.0,0.0330206,0.00552408,0.0386529,0.0632216,0.0665618,12.4284,0.0,0.00446767,0.255117,16.5762,0.0222496,1.24283,0.0122467,2.17679,-0.0125,-0.0028,-0.0258,0.207846448,0.000110726,0.105379175,0.500127884,0.50142072,0.09
GRIK3,1.0,3.06319,0.0749367,0.167802,0.634598,0.0336573,0.525979,0.0107116,0.00626927,0.0451767,1.1607,0.15475,1.33716,0.0170692,0.250881,1.62764,-0.00115,0.00195,-0.0006,0.767620981,0.99998017,0.256151547,0.500277564,0.500185842,-1.68
FAAH,1.0,61.6621,33.2363,2.36179,14.33,34.4063,18.038,2.72513,1.71692,8.99779,138.944,8.68259,54.3663,4.39832,29.1006,7.49371,-0.0117,-0.0336,0.0139,0.386892766,5.93e-07,0.093402374,0.500584293,0.500898755,-0.47
PDE4B,1.0,26.6753,3.55528,1.92553,3.56202,1.24352,1.52215,13.2123,7.36637,7.34427,3.2333,14.7998,2.54747,5.66715,1.42702,2.67949,0.0033499999999999,0.0002,0.0001,0.71454072,0.709078617,0.178333201,0.502220974,0.50347417,-0.69
PTGFR,1.0,0.262129,1.88412,0.292734,11.9621,0.676659,0.705891,0.023939,32.4478,1.04838,0.882628,0.365921,0.253461,0.100323,3.45795,2.20806,0.0023,0.0039,-0.0039,0.694935441,0.760040675,0.092061845,0.50188943,0.502174058,0.28
BRDT,1.0,0.0104742,0.0143879,0.0,0.0237103,0.00629905,0.00530498,0.007835,0.0,0.0,114.477,0.0256561,0.0217813,0.00792705,0.00667173,10.16474,0.0139,0.0392,-0.0024,0.464344293,2.47e-06,0.052631346,0.0,0.0,0.78
ADRA1D,1.0,0.242562,0.346661,0.135794,5.03222,0.0391764,0.355352,0.0701199,0.158206,0.345627,1.59672,2.24317,0.0710601,0.00861831,0.456157,3.27584,-0.00705,-0.0049,0.0012,0.45775098081428567,0.011966902842656906,0.078963372,0.613597857,1.0,-0.2414285714285714
TUBB1,1.0,0.179895,0.30672,0.149269,0.556933,0.308874,0.223149,0.753446,0.293367,0.0783439,3.45417,6.43843,0.929045,16.8904,0.19676,9.75564,0.0054,-0.0037,0.0062,0.724853635,7.17e-06,0.081519494,0.500406082,0.504357641,0.87
RRM2,1.0,0.0883919,0.486886,0.104622,0.264697,0.537272,22.8907,174.485,39.7728,0.0772202,6.58578,11.1039,0.301765,3.26894,1.00747,0.6879,0.00035,-0.0012499999999999,0.00165,0.824708164,0.968270921,0.053062895,0.500587018,0.501489819,-0.25
IL1R1,1.0,5.9228,20.7804,8.20175,63.823,22.6486,23.7998,1.41595,188.511,8.29977,16.2306,42.1608,12.0502,12.4309,59.0051,2.45532,-0.00255,-0.00085,0.0018,0.214144617,0.362921431,0.104614545,0.501429301,0.502458381,0.09
ROCK2,1.0,7.96655,10.3872,6.46575,31.0189,6.75914,11.4886,11.2695,36.765,23.0796,9.54924,19.4876,11.6127,1.80056,10.2005,9.60708,5e-05,0.01875,-0.0003,0.786468923,0.99999999,0.106450474,0.504183751,0.510167818,-1.02
GPD2,1.0,8.27985,6.75911,2.43283,10.8576,1.4968,25.7848,22.9876,23.2863,11.1959,10.4349,8.32753,9.0954,3.30899,4.76649,3.67045,-0.0081,-0.0005,-0.0030499999999999,0.591144443,0.000100775,0.070531428,0.500045901,0.500217639,0.22
SCN2A,1.0,1.38676,1.54609,0.0143493,0.226576,0.0255395,0.0212193,0.00953275,0.123913,0.00982898,0.357389,0.0874179,4.21768,0.00634743,0.264267,5.25209,-0.0017,-0.0006,-0.0021,0.778094649,0.999999992,0.221317229,0.50591273,0.508965611,-1.99
SCN7A,1.0,0.750552,0.523984,9.99314,22.1569,0.478821,4.27856,0.0298134,0.056484,2.15007,4.34285,2.46712,1.81284,0.0225716,2.95057,5.53258,0.0038,-0.0005,-0.0003,0.146139458,1.72e-15,0.069810845,0.500067275,0.500385998,0.86
NFE2L2,1.0,51.4208,59.3234,17.7418,90.6966,24.0384,174.265,43.8494,87.6117,29.7704,49.3762,49.334,62.6834,30.8188,48.9406,1.66331,0.01265,0.0037,0.00085,0.824708164,0.686008362,0.17263389,0.50104493,0.50176507,0.04
PDE6D,1.0,30.0113,12.2367,6.09898,18.6158,4.5045,12.1213,30.6975,17.0749,5.17556,66.9199,17.4995,24.56,7.71075,20.2727,1.08568,0.0164,-0.0163,0.0427,0.705388129,0.084496093,0.103357975,0.502495282,0.503830624,0.48
CHRND,1.0,0.0654224,0.00413278,0.0201644,0.0,0.0,0.0,0.0113366,0.0,48.0918,0.616376,0.0667503,0.0878035,0.0165113,0.0655095,2.25073,-0.0647,-0.0119,-0.0249,0.369415909,7.26e-07,0.180162134,0.500019439,0.514198318,-0.4
CHRNG,1.0,0.0112692,0.0245175,0.0,0.0280853,0.024927,0.0627142,0.0934711,0.0371075,17.0553,0.171192,0.151418,0.142751,0.0398192,0.0224781,4.61314,-0.0353,0.0002,0.0281,0.250911236,1.13e-09,0.140121038,0.500004379,0.500497079,-0.42
NDUFA10,1.0,30.0649,34.4902,50.0937,41.2536,21.826,37.9873,47.7041,44.2373,39.8612,39.3852,31.9488,39.3495,9.72085,46.5858,6.32741,-0.0046,-0.00065,-0.0014,0.24992983,0.00138794,0.116073213,0.500010968,0.500352307,0.06
KCNK3,1.0,1.29606,2.46963,0.560941,7.77762,0.279457,1.28514,0.0314508,0.0649233,0.368533,0.812116,1.58644,12.9208,0.0223808,248.278,0.41051,0.02405,0.0027,0.0274,0.6910811949999999,0.6468724378,0.079957142,0.505402002,0.506949796,-0.6871428571428575
XDH,1.0,0.00548912,0.200846,0.00904057,0.0736628,26.0548,7.61611,0.00783612,0.604859,0.0776557,0.215415,0.00953319,1.85969,0.0,0.0107264,6.67765,-0.0004,0.0016,0.0014,0.492040008,1.56e-13,0.090605551,0.501244439,0.503805654,1.29
CD80,1.0,0.123106,0.263469,0.0379345,0.0720831,0.110068,0.119011,74.2731,0.0,0.0390024,0.207522,3.30099,0.150833,0.143977,0.165819,1.86871,-0.001,-0.0012,0.00095,0.132359073,0.255224581,0.12056353,0.509626004,0.514806636,0.62
CD86,1.0,7.24871,1.0428,0.375817,2.15654,0.525548,1.12362,49.0947,0.0,0.178366,1.66016,16.3398,1.33988,11.2185,3.07599,7.86446,0.00685,0.00065,0.0023,0.537654281,0.962700436,0.104993055,0.50963014,0.514812998,0.71
PPARG,1.0,1.47292,8.14741,4.71655,7.89623,3.55026,5.03297,0.309642,20.4223,2.09687,7.02336,11.0259,0.456269,1.7768,2.81662,4.88414,0.0048,0.0153,0.0053,0.856568098,0.668218174,0.132401129,0.694039742,0.96018788,-0.31
AGTR1,1.0,0.201815,5.07021,1.41271,11.009,27.971,1.15921,0.0268202,5.57345,5.05188,2.31666,5.36933,1.38793,0.027845,33.7001,1.36931,-0.0048,0.0029,-0.0109,0.733372629,0.007276251,0.090887843,1.0,1.0,0.11
SCN5A,1.0,0.0733927,0.0909832,35.1075,0.425291,0.0166013,0.137934,0.031085,0.0979632,0.472394,0.736711,0.1702,0.461995,0.109965,0.0996036,6.40726,-0.0001,-0.0058,0.0119,0.710956991,0.995747527,0.277357892,0.506067929,0.511271494,-1.88
SCN10A,1.0,0.00513898,0.0,0.0440886,0.0,0.0,0.0,0.0,0.0,0.0,0.458663,0.0131783,0.0,0.0,0.0,7.59207,0.03035,0.01725,0.00115,0.519814193,6.14e-26,0.092857367,0.505853016,0.508875066,-1.32
SCN11A,1.0,0.469138,0.446237,0.0266712,0.178098,0.117484,0.0619711,0.0890363,0.0402398,0.0334723,2.99682,3.25035,0.479879,0.00879903,0.155336,4.28776,0.00105,0.003,-0.0003,0.233205885,2.52e-19,0.093518256,0.500920794,0.505078921,-1.82
IMPDH2,1.0,78.7677,91.1606,40.0499,297.842,39.4339,238.601,387.597,469.724,181.669,89.2369,122.143,132.306,36.7915,121.755,0.70197,-0.1637,-0.0653,-0.0869,0.700911403,0.001353166,0.178591962,0.500129516,0.504153735,-0.65
TLR9,1.0,0.800682,0.46631,0.328188,2.47448,0.297371,0.652663,13.0983,0.192263,1.12831,1.29295,8.32812,0.780796,6.30373,0.464686,1.6744,-0.0104,0.0081,0.0016,0.432222635,0.000525226,0.304552129,0.0,0.0,-1.61
NISCH,1.0,32.9996,41.2988,18.3826,126.081,19.9419,48.8858,30.1606,47.4994,16.6526,139.633,64.8397,233.628,23.8702,65.6696,3.64314,-0.0384,-0.0112,-0.007,0.670743585,0.817101389,0.117045074,0.0,0.0,-2.31
ENPEP,1.0,0.211167,8.95903,2.34685,3.72532,7.64637,0.581375,0.0277893,4.96784,1.59697,0.500692,12.9675,2.30694,0.0133005,2.15081,4.29372,-0.0129,-0.0051,-0.00405,0.349588096,3.58e-19,0.198518648,0.503465633,0.50572616,0.39
PDE5A,1.0,1.02579,3.02611,1.96261,22.3949,0.44053,4.52183,0.470755,2.66429,3.03468,7.18509,2.2386,3.72276,0.593762,4.4193,4.31406,0.0344,0.0036,0.03585,0.640711069,0.003390906,0.054433199,0.520599883,0.533404991,1.05
NR3C2,1.0,4.45864,7.36949,3.10129,6.82792,2.63238,1.55826,0.0854649,0.312525,3.92722,8.04235,3.5037,10.4556,0.359114,4.2085,2.47138,0.0028,0.00315,0.0,0.636465311,0.925088553,0.092308104,0.551842227,0.968245837,-0.35
GUCY1A1,1.0,20.816584487142883,24.285944571428576,64.97549857142856,20.08366471428572,11.661071400000006,19.54007785714286,48.46962149857142,35.099562142857145,74.35474162857142,26.74176128571429,21.64257071428572,20.23993442857143,9.617206871428573,30.281028714285718,5.615370285714284,-0.013,-0.0113,-0.0116,0.6690848219285713,0.3010849662271427,0.052540639,0.549836975,0.757011433,-0.26185714285714295
GUCY1B1,1.0,31.74499134428572,26.052460285714286,29.400731285714283,20.351593285714284,8.016116457142859,19.16220757142857,39.579764355714275,33.80505100000001,23.605527571428578,40.103620285714285,20.317231142857146,20.45516414285714,9.591781185714286,30.933584571428575,5.600196142857142,-0.0342,-0.016,-0.0231499999999999,0.6839461446714283,0.2709177376557142,0.069955147,0.566091432,0.78012569,-0.3027142857142858
GRIA2,1.0,14.6495,0.0435952,0.014429,21.6212,0.0112696,0.0312016,0.0147799,0.0161357,0.0603156,1.308,0.0450839,34.6234,0.0125593,0.217272,1.01918,-0.0158,-0.0079,-0.0115,0.816502929,0.99550949,0.28752322,0.50029223,0.500429423,-0.78
ADRA2C,1.0,1.51851,40.3104,3.2849,50.7298,0.326978,2.54735,0.0554803,0.830276,2.53771,8.43704,32.3018,7.57743,0.0435626,3.57282,8.58195,-0.0585,-0.0322,-0.032,0.734542012,0.645951821,0.105277509,0.500186533,0.501440673,-0.29900000000000004
GABRG1,1.0,4.96957,0.0136176,0.0,0.0284171,0.0249903,0.00792961,0.00587015,0.0,0.0,0.334866,0.0647784,1.00258,0.0,0.02529,1.29537,0.0022,0.00705,-0.0071,0.367896616,0.008474484,0.202839393,0.500007907,0.500073761,-0.8
GABRA2,1.0,0.881958,1.78227,0.00920972,0.0323384,0.00534174,0.0652303,0.00238846,0.00904054,0.0210587,0.232723,0.208459,0.167294,0.0,0.0104125,0.66325,0.0165,0.00865,0.01595,0.836621523,0.976963701,0.231571356,0.500009205,0.500823458,-0.27
GABRB1,1.0,0.336941,0.0510353,0.263228,0.0,0.0,0.0,0.0,0.0,0.0,0.162304,0.0,2.32413,0.0,0.0,0.98534,0.0018,-0.0003,0.0003,0.774301469,0.977782833,0.231387138,0.500008565,0.500824735,-0.36
PDGFRA,1.0,8.19168,16.3693,5.56887,89.1068,4.43704,15.5146,0.109071,164.198,4.96598,12.3471,61.6217,5.31296,0.0882629,20.4762,4.95653,0.0275,0.0087,-0.0032,0.852899194,0.99987673,0.224576835,0.501493725,0.508395324,-0.64
KIT,1.0,2.37199,6.79357,0.631595,6.09818,0.383842,6.13601,0.151229,0.144297,0.634933,5.75577,2.17828,3.49035,0.245751,0.47355,3.15066,-0.0017,-0.0019,-0.00225,0.850708902,0.999879541,0.225086996,0.505045008,0.510978178,-0.68
KDR,1.0,5.79004,12.9215,10.8258,40.762,3.36219,6.03201,0.0429056,2.35891,5.12022,4.32565,8.0378,20.563,0.0467956,16.0585,8.73853,0.0056,0.0001,0.0006,0.747131348,0.984488112,0.275229532,0.504963291,0.507467761,-1.14
NDUFA2,1.0,50.4914,66.4913,51.5371,50.4535,39.1901,42.2322,83.4268,50.434,59.7012,79.8628,50.8741,61.6546,25.2147,70.5451,0.41002,-0.0342,-0.0313,0.0023,0.432313383,0.339536516,0.070950359,0.500011305,0.500363836,0.19
NR3C1,1.0,11.8533,8.16735,5.25356,18.5239,8.88459,11.5512,55.2542,33.5869,20.1742,9.46285,13.2558,19.7816,9.67008,6.20496,2.53062,0.00025,-0.00135,0.005,0.743477643,0.311618466,0.169293528,0.560026938,0.780916865,-0.16
PDE6A,1.0,0.0492802,0.0206293,0.0444685,0.0841544,0.0103294,1.53598,0.0439051,0.0444273,0.0814461,4.58007,0.0402512,3.12217,0.00765115,0.815833,5.78422,0.00555,0.0018999999999999,0.0025,0.322202206,6.61e-12,0.070320596,0.502615334,0.503858424,-0.19
GLRA1,1.0,0.253122,0.019484,0.0,0.0529502,0.0,0.0,0.025818,0.0262678,0.0216783,0.0753694,0.0161771,0.0,0.0,0.0258022,2.66552,0.00265,-0.0038,0.0097,0.52841568,0.076492455,0.344473545,0.500005511,0.500720418,-0.51
GRIA1,1.0,2.7812,0.0853696,0.0613411,0.190342,0.0217742,0.0869792,0.342437,9.6631,0.0903018,1.32566,0.0748498,1.64427,0.0108533,0.317547,5.96106,-0.0035,-0.0029,0.0006,0.852899194,0.999436341,0.560585168,0.501550603,0.503954052,-1.2
ADRA1B,1.0,0.373337,0.757968,1.04637,8.57526,8.02553,0.282536,0.0557477,5.5013,0.254699,0.704627,19.5126,0.870033,0.0,2.20071,0.89163,0.0018,0.0028,-0.00695,0.666467905,0.182479135,0.120116413,0.535598287,0.838268562,-0.6
DRD1,1.0,0.200328,0.769099,0.00978848,0.608349,0.260603,0.157945,0.0,0.0,0.0245457,0.0971598,0.150978,0.240361,0.0,0.347318,0.96089,0.011,-0.0021,0.0013,0.80871886,0.89643155,0.138087075,0.502671738,0.503883882,-0.4
FLT4,1.0,2.16576,21.0279,4.66467,25.3239,4.15037,5.96214,0.0718917,0.0769828,2.1537,8.66822,31.297,15.9804,0.578054,13.5567,5.65903,-0.0032,-0.00215,-0.0104,0.8223508,0.999936679,0.121076197,0.50216954,0.507385843,0.71
NDUFS4,1.0,64.4462,84.0131,83.1836,86.7984,35.4779,69.8391,94.4994,115.761,120.331,59.1914,43.6501,67.9446,6.44782,69.7989,0.99399,-0.0204,-0.0027,-0.006,0.204349279,0.004164996,0.075711378,0.500021102,0.50115736,-0.6
PDE4D,1.0,2.50229,3.10792,2.69194,4.60816,0.471151,1.92818,1.09279,8.53553,23.0938,1.35741,2.39169,5.6037,2.54219,0.430046,0.55771,0.0015,0.00015,0.0006,0.786468923,0.983199686,0.137479315,0.265850241,0.373424692,-1.38
NDUFAF2,1.0,21.9146,23.4937,17.9941,32.649,9.34685,24.4721,34.8433,65.3496,27.6829,34.5848,14.7342,39.3099,1.85818,24.5612,0.45787,-0.00505,-0.0077,0.0005,0.150240377,3.86e-07,0.067467745,0.500000836,0.501060617,0.08
HMGCR,1.0,19.8595,11.4915,2.63354,14.6855,13.3229,63.8114,66.1478,25.6463,2.71282,26.3421,16.0471,15.0652,7.94287,42.4403,1.36596,0.012,0.0195,-0.0071,0.782960892,0.999836645,0.091605832,0.501021861,0.502292782,-0.49
PDE8B,1.0,7.32415,9.30213,0.686298,27.9426,0.934934,1.8322,0.690089,1.18919,0.482046,4.2298,1.131,13.9158,0.17499,1.89881,2.53301,0.0147,0.0003,0.0012,0.748882174,0.986862336,0.051636578,0.521445425,0.630049073,-0.69
PDE7B,1.0,2.48301,5.93402,2.91106,4.79878,1.28813,0.994472,0.0292788,10.9969,1.65588,1.83188,1.15332,4.79873,0.0479097,2.49925,1.91609,0.0052,0.0002,0.00255,0.707306206,0.946452269,0.052631346,0.500067132,0.502584155,-0.29
ESR1,1.0,0.210326,0.764026,0.305118,43.2436,3.52714,0.309111,0.112573,0.322275,0.598896,2.73794,1.35313,5.81573,0.109503,1.06957,2.6565,0.00445,0.0,0.0041,0.762403488,0.987167021,0.251877542,0.502062481,0.53184247,0.24
OPRM1,1.0,0.0100074,0.0,0.0,0.00719869,0.0,0.0,0.0,0.0,0.0,2.53345,0.0,0.014081,0.0,0.0,8.88891,0.0009,-0.0007,0.0005,0.45271197,4.21e-05,0.345982699,0.500486959,0.501429656,1.91
PDE10A,1.0,0.712576,1.32199,1.3565,4.64491,0.149176,0.383577,0.0121974,0.0426472,0.181882,4.75542,1.49021,4.02766,0.00485294,0.758606,1.36535,0.0049499999999999,0.0018,0.00235,0.80871886,0.998485351,0.080656714,0.251286563,0.251926434,-0.98
TNF,1.0,0.20852,0.863079,0.432489,0.454861,0.304562,0.697906,133.014,0.129002,0.079664,0.173506,8.95982,0.23107,4.5664,0.742848,0.55317,0.0562,0.0082,-0.0043,0.462009788,0.27282919,0.175564397,0.302692417,0.420509992,-0.03
BRD2,1.0,62.50849999999999,101.947,31.412,165.892,49.613,102.42,148.857,100.876,52.788,175.57199999999995,150.807,152.142,67.5286,92.3797,6.26213,0.0241,-0.0034,0.00695,0.422697425,0.99953088,0.076524065,0.340750858,0.4758872689999999,-0.02
GLP1R,1.0,0.0273427,0.063177,0.589777,0.0206989,0.0,0.0283038,0.0,0.0,0.0,0.771503,0.0329359,0.0285094,0.0180798,0.0313778,9.07868,-0.0049,-0.0014,-0.0015,0.645917118,0.064078049,0.09224389,0.502673689,0.503883029,0.13
CNR1,1.0,1.84197,0.101085,0.178723,25.2269,0.0637954,2.39134,3.85126,26.9195,1.20089,1.74269,2.21527,29.3328,0.162268,5.98209,0.43204,-0.0035,0.0035,-0.0014,0.609206319,0.155072222,0.120962799,0.0,0.0,-0.96
NDUFA5,1.0,22.8076,26.9479,29.4724,21.7731,11.0885,13.0377,19.7789,15.7018,37.2296,18.3455,11.2933,27.7375,0.935763,28.6432,0.06691,0.0003,0.00465,0.0059,0.276369214,0.173963053,0.065270329,0.5000118,0.500378068,-0.19
IMPDH1,1.0,10.0116,19.9308,12.3986,41.8212,3.48886,39.5581,39.2386,82.8179,3.47566,39.6768,95.5641,51.9898,172.497,21.4723,1.81072,-0.0035,-0.0194,0.00865,0.589421332,0.005811859,0.134091962,0.50003713,0.504138188,-0.24
TBXAS1,1.0,5.89567,2.62502,0.659106,4.07424,1.19544,3.44747,6.51863,1.75664,0.348723,0.776377,48.4863,2.63582,68.2976,5.05531,5.9593,-0.00225,-0.0014,-0.001,0.169639766,1.37e-08,0.070643979,0.512611327,0.510133917,0.94
PDE1C,1.0,13.2735,0.944153,14.4118,12.2403,0.0278765,1.06531,0.260814,0.284714,0.26955,3.23729,0.325421,0.820596,0.00939467,0.522959,3.3921,-0.0015,-0.0002,-0.001,0.553302944,0.000270704,0.053038083,0.502467046,0.503831161,0.05
CYP3A5,1.0,0.289684,2.24725,0.120449,13.2882,155.853,33.7218,0.316664,0.738566,0.221297,0.492246,0.419353,1.39172,0.087002,16.2047,3.60528,-0.0482,-0.0284,0.05495,0.111908376,5.21e-11,0.07993679,1.0,0.669546701,-0.18
CYP3A7,1.0,0.0,0.307448,0.0,0.232863,24.5131,0.0,0.102803,0.123074,0.0,0.132517,0.0,0.130222,0.0,0.340822,1.11486,0.059,-0.0115,0.062,0.111908376,2.93e-07,0.070358019,0.502162823,0.50472991,-0.31
CYP3A4,1.0,0.0493357,0.125548,0.0459161,0.125003,335.297,0.30994,0.362847,0.0266298,0.165326,1.03258,0.103014,0.766222,0.0501182,1.00762,1.93581,0.0925,0.0178499999999999,0.09115,0.208788425,2.82e-07,0.105231499,0.504640514,0.534941692,-0.49
CYP3A43,1.0,0.0917025,0.174713,0.0352821,0.188048,4.28768,0.0275252,0.0229479,0.0,0.11027,1.76627,0.115697,0.133113,0.0,0.048066,10.36776,0.03315,-0.0101,0.04455,0.111908376,1.47e-10,0.070358019,0.0,0.0,0.76
KCNK9,1.0,0.724782,0.0934417,0.00809411,0.0808569,0.0,0.0184298,0.0590834,0.0,0.0684579,0.177921,0.045873,1.21034,0.0,0.217494,0.21065,0.001,-0.0037,0.0017,0.565498233,0.126993746,0.08159563,0.505423383,0.506977302,-0.38
PTK2,1.0,28.6309,16.1167,6.46435,21.0326,4.4045,10.5648,4.27313,18.132,9.39048,25.5739,9.57535,12.96,0.467931,19.5383,1.48998,0.0583,0.0117,0.0436,0.748882174,0.999992958,0.28606278,0.501845713,0.531629421,-1.51
C5,1.0,3.30579,2.76091,0.488184,6.70012,121.076,2.23918,1.49355,4.57562,0.369152,3.55641,2.46617,6.53573,0.54407,2.57662,15.54132,-0.0081,-0.0305,0.0102,0.419828743,5.61e-11,0.091561735,0.500124825,0.501421019,-0.05
NDUFA8,1.0,86.8048,92.5435,220.338,88.9266,39.498,74.2508,109.95,115.317,129.847,204.327,63.8405,97.8471,16.2745,97.0433,0.91898,-4.9999999999999914e-05,-0.0225,-0.0028,0.266798615,0.202476373,0.086076085,0.500011221,0.50036852,-0.23
ABL1,1.0,40.6609,26.7002,15.813,124.413,9.22794,37.4568,30.6017,91.4055,18.7464,31.4648,33.8442,56.8331,4.05744,31.417,2.79881,0.0026,0.0039,0.0018,0.824708164,0.999882701,0.3744112,0.501472722,0.512317276,-1.63
DBH,1.0,0.154878,1.99861,0.0750432,1.00974,23.5694,0.158732,0.0687099,0.181602,0.0658249,0.659191,1.58215,2.61192,0.0903968,2.85355,5.08136,-0.0018,-0.0007,0.00425,0.390099078,2.54e-06,0.279666753,0.523729265,0.807572853,-0.01
BRD3,1.0,11.6695,6.72338,4.57336,22.4031,5.10397,9.53535,10.0827,15.0735,10.4017,20.4952,11.8517,13.5555,3.50077,12.6078,2.79036,0.0164,0.0217,-0.0057,0.72829324,0.766979379,0.054433199,0.50002201,0.500027982,-0.71
ABCC9,0.0,1.0159,4.51777,8.40668,18.294,8.69046,1.44118,0.0393093,16.5493,16.1667,0.506314,1.78365,2.37503,0.0161073,2.63463,2.35297,-0.0024999999999999,-0.0003,-0.0032,0.670620084,0.000700543,0.104257092,0.614972478,0.923452473,-1.97
ACBD4,0.0,8.03246,14.827,3.57034,34.6796,41.5886,6.97351,12.062,7.39814,3.35894,7.19681,20.5467,23.8061,4.45746,17.6493,2.57539,0.049,0.002,0.0431,0.123297259,1.83e-05,0.1070939541,0.0,0.0,0.46
ACE,0.0,0.801155,2.02982,2.16295,3.49419,0.520167,3.44775,0.157691,6.40418,1.42466,112.341,2.9618,12.4842,0.311329,3.1546,6.10989,-0.0217,-0.0187,-0.0371,0.158249199,4.63e-18,0.160718086,0.6501142,1.0,-0.57
ADRA2B,0.0,1.82207,5.71468,5.30276,5.08615,4.6432,0.891765,0.209253,0.0129655,5.03811,3.12083,13.1199,0.807384,0.0532733,2.6396,1.61925,0.0377,-0.0592,0.1297,0.238498077,0.000244369,0.078963372,0.500186972,0.501420152,-0.25
ADRB1,0.0,0.829399,1.20876,14.0945,0.225416,0.182195,0.704522,0.6053,0.0147508,0.121381,1.23019,2.4516,0.313522,0.0938949,0.133087,2.10229,0.0206,0.018,0.00565,0.506275967685714,0.03524213216831474,0.080110193,0.502669547,0.503873991,-0.18671428571428572
ADRB2,0.0,1.61443,1.06624,2.55022,3.74804,3.40578,9.09194,0.672835,0.918796,3.72013,0.649181,8.47888,0.461902,4.06369,0.550471,9.34152,0.0125499999999999,0.0054,0.001,0.668925405,0.476493104,0.223299618,0.552938275,0.868690308,0.42
AGT,0.0,104.723,17.4583,76.1076,10.9731,1007.43,1.21984,0.151938,0.869152,28.3251,10.2313,0.398593,27.321,0.190568,19.1442,4.9157,-0.015370714285714288,-0.015839999999999972,-0.0034364285714285634,0.172807097,1.57e-09,0.104067305,1.0,1.0,0.49
APOE,0.0,576.817,150.055,20.6785,111.936,3181.76,30.0476,2.69857,37.2269,8.65174,191.285,671.303,103.448,2.7653,3543.25,7.27606,0.0244,0.0097,-0.0189,0.460647643,0.034533583,0.732608235,0.506521394,0.510031152,-0.6435714285714286
CACNA1C,0.0,1.11412,2.70827,10.652,6.48269,0.202653,1.67204,0.0310554,5.71098,0.505665,4.61596,4.35301,8.29414,0.0249337,0.91873,3.4497,-0.0035,-0.0015,0.0005,0.693781972,0.999998433,0.138156605,0.417302119,0.4797384065,-2.09
CACNA1D,0.0,0.962374,0.988662,0.0387712,4.79846,0.917359,0.284167,0.730862,0.0175695,0.0234157,3.00258,2.75374,11.1441,0.0988922,8.35908,5.35831,-0.0166499999999999,-0.0068,-0.01015,0.693386316,1.0,0.090414545,0.533446007,0.64503349,-3.51
CACNA2D2,0.0,2.07196,3.02187,0.842963,3.49425,0.339362,0.722843,0.126768,0.189158,1.08735,14.7574,2.16559,16.2288,0.868236,0.500165,4.92605,-0.0175,-0.006,-0.0156,0.622939706,0.999693297,0.069480122,0.500156588,0.500399496,-0.55
CACNB2,0.0,2.18361,2.67937,7.71557,13.9779,2.14918,3.01403,1.76349,2.61572,0.369301,1.93115,1.14454,23.9603,0.0949219,4.67696,5.48442,0.00855,0.00355,0.0067,0.602114379,0.001820338,0.086888835,0.503104558,0.504264653,-0.71
CACNB4,0.0,1.81005,0.252611,0.0576818,0.571744,0.0361896,1.12463,3.22076,0.063647,0.0542263,3.74133,0.335235,2.22282,0.0565969,0.424746,0.75555,-0.01635,-0.006,-0.0189,0.638582647,0.011363582,0.092927581,0.503162716,0.504294309,0.08
CAMK2B,0.0,9.00619,0.709074,22.8407,0.275553,2.36737,0.332368,0.183398,0.18279,37.6709,2.557,0.282419,54.1038,0.0491604,0.278357,6.78858,-0.0078,-0.0096499999999999,-0.0012,0.736296356,0.468620194,0.202883222,0.501396899,0.504062823,-0.62
CAST,0.0,25.4072,44.5983,62.741,63.4628,21.3231,147.525,39.3169,93.9037,85.3963,59.966,32.5811,39.0108,37.05,40.0837,5.5877,-0.009937142857142854,-0.004943571428571429,-0.0022842857142857122,0.429466158,1.56e-06,0.080400336,0.500011489,0.5000463,0.71
CCND1,0.0,23.8804,30.299,24.6997,19.865,25.7132,96.5525,5.42097,202.003,1.39123,5.17559,20.1511,40.9923,0.255782,27.445,0.41759,-0.0127,-0.006,0.0016,0.830946863,0.238186362,0.176330554,0.551842227,0.669546701,-0.32
CLCN6,0.0,23.6955,12.951,7.28334,27.3258,8.4081,9.77182,18.5344,14.7523,7.74102,38.8683,18.7503,35.3001,3.17555,17.9895,4.06812,0.0895,0.0292,0.065,0.575333595,0.163974191,0.0803927,0.0,0.0,-1.57
CYP11B2,0.0,0.0,0.0,0.0,0.0,0.00948479,0.0,0.0,0.0,0.0,0.191225,0.0212902,0.0,0.0,89.3696,3.67149,0.0091,0.0109,0.0006,0.111908376,3.93e-13,0.068743802,0.6501142,1.0,0.56
CYP1A2,0.0,0.0,0.0669868,0.0,0.03956,71.5396,0.0152555,0.0593256,0.0,0.0,0.105563,0.0153888,0.0143068,0.0197973,0.0128524,2.59593,-0.0020499999999999,0.0001499999999999,0.03345,0.111908376,3.29e-10,0.079824636,0.504514008,0.516689187,-0.6
CYP2C19,0.0,0.0251461,0.00383093,0.0,0.0,13.2527,3.73312,0.0,0.0,0.0,0.0750059,0.0,0.0,0.0,0.0,4.10454,0.01215,0.0107,0.04485,0.111908376,2.54e-10,0.090642318,0.503861536,0.516324725,0.71
DSP,0.0,1.57016,17.8792,52.8373,9.40431,21.3464,647.419,0.295742,9.61245,0.464807,3.21316,4.59204,14.7673,0.289415,16.141,13.95902,0.015,0.0269,-0.00645,0.747131348,0.999901543,0.281691357,0.500020384,0.509119108,-2.23
DUSP1,0.0,185.416,334.694,122.691,922.405,422.046,426.886,8.24415,276.693,168.692,135.061,467.519,564.847,884.653,246.629,3.19307,0.0050250000000000026,0.004022142857142859,-0.0034964285714285726,0.848568261,0.020500202,0.068746567,0.63928196,1.0,-0.846
EDN1,0.0,7.52479,8.77697,3.40171,17.5142,1.52907,5.74405,10.8395,2.44735,4.51796,7.74557,16.4839,2.08775,0.580975,2.28856,5.42362,-0.0143,-0.0188,0.00185,0.449802697,0.081020067,0.138037323,0.577262555,0.803556825,-0.21
EDNRA,0.0,1.62523,6.51635,6.15045,43.6706,1.03118,4.47396,0.108652,5.60748,1.94008,6.46399,8.08348,4.52835,0.0173223,3.43355,0.24247,0.0266,0.0187,0.01885,0.800036311,0.986016088,0.068017424,0.0,0.0,-0.38
GJA1,0.0,67.0512,16.6665,69.2371,53.373,2.1737,105.928,0.356516,199.746,6.87475,35.6586,3.46189,39.9564,0.305834,439.809,0.95342,0.01935,0.0166499999999999,-0.00435,0.833060265,0.21554685,0.718324976,0.500748396,0.587983487,-0.27
GUCY1A3,0.0,3.20593,10.2218,7.30693,8.40534,1.48713,1.96973,2.24228,0.195905,1.81992,0.803821,4.96334,5.61009,0.210217,1.88244,3.05449,0.002877142857142851,0.0023835714285714315,0.003190000000000001,0.593201816,1.41e-06,0.10944729000000009,0.5061550189380951,0.5096627685571429,-1.0
GUCY1B3,0.0,10.4957,11.0472,9.41733,16.8543,2.82645,3.96264,14.9786,4.06031,3.77522,2.78732,9.78858,9.7685,0.683765,2.20439,1.21444,0.005837142857142858,0.003737857142857142,0.004192142857142857,0.636561334,0.000916634,0.11000122978571429,0.5047998630714288,0.509589598057143,-0.56
HFE,0.0,1.54238,2.58984,1.07014,5.67733,3.24452,3.61023,2.41589,15.6539,0.614463,1.55111,7.80063,1.3168,0.806209,8.81602,5.56445,-0.01575,0.00205,-0.0015499999999999,0.146511853,8.5e-07,0.279883438,0.333964363,0.42850262,0.08
HSPA4,0.0,35.1592,31.5656,25.8929,46.2009,17.3389,66.0589,106.24,105.368,43.8031,92.3215,38.8936,50.8541,14.1173,49.9197,3.72927,-0.0168,-0.0128,-0.0124,0.852899194,0.999958226,0.082242709,0.501285754,0.505112308,-0.15
ITGB5,0.0,19.8872,42.6282,27.0476,50.9151,28.863,60.1754,1.02111,157.887,15.6952,19.041,49.842,31.1453,2.93269,32.6503,7.86718,0.05155,0.00935,0.0112,0.705665529,0.000480019,0.157663429,0.500118865,0.503167886,-0.28
KCNJ11,0.0,2.59443,3.52342,7.41361,0.790484,0.604791,0.965794,0.300937,0.0179232,87.0756,1.13664,1.61115,10.7255,0.0713407,0.593442,2.86874,-0.0593,-0.0347,-0.0255,0.714407027,0.31472413,0.350368608,0.569181778,0.780916865,0.24
LDLR,0.0,11.3698,14.766,4.51271,49.6503,22.6645,58.3518,31.6294,59.4171,1.71902,7.04122,13.7219,9.28987,3.75832,91.7779,5.13173,0.0066,-0.0077,0.0246,0.485596061,2.59e-16,0.571297355,0.500098515,0.565151788,-1.85
MME,0.0,0.210303,5.5963,0.675854,1.57504,5.8127,0.35745,0.0780681,640.484,7.75724,0.921413,2.46636,0.501727,22.1759,0.206853,2.58504,0.0097,0.006,0.0003,0.743839204,2.19e-08,0.285645073,0.510092567,0.512957147,-0.69
MYO9B,0.0,56.9294,13.0271,10.7193,39.4992,11.9914,24.4118,105.092,46.6172,6.37271,81.3088,115.293,26.0401,65.413,29.945,4.75747,-0.009,-0.0015,-0.004,0.792072892,0.999998877,0.150436946,0.500073417,0.503278418,-0.86
NEDD4L,0.0,2.16517,12.882,4.13338,2.24275,2.45612,3.6228,3.8322,1.52243,8.13512,4.1627,2.429,16.2123,1.07456,5.59453,1.22415,-0.00375,-0.00175,-0.0020499999999999,0.824708164,0.999966646,0.153402565,0.630714134,0.802610144,-1.2
NPPA,0.0,1.96512,0.552606,35.8109,2.0292,1.3644,1.53579,2.29444,0.726573,2.34266,13.3073,3.63131,5.93242,1.68926,1.80967,6.80239,-0.2212,-0.0774,-0.1397,0.244530007,0.016931635,0.137657028,0.637111928,0.806413662,0.86
NPPB,0.0,0.389542,0.0,26.7743,0.14807,0.114646,0.0895663,0.120796,0.0,0.226661,0.583287,0.120982,0.514502,0.0959771,0.158882,1.20388,0.09235,0.0796,0.0276,0.181705475,0.00038006,0.07979089,0.529412659,0.547695886,0.53
NPR1,0.0,1.24281,36.6139,7.99649,90.994,2.39363,6.13491,3.70879,0.6951,3.65615,3.86741,4.3411,8.67364,0.128919,14.0193,7.21833,-0.0362,-0.0095,-0.0261,0.711480618,0.000172509,0.092579268,0.65083856,0.96018788,-0.24
NPR3,0.0,0.0690056,6.39625,3.12747,2.52281,1.30813,4.44726,0.0465167,10.5603,1.09376,0.99814,3.71488,0.339425,0.0514983,2.84903,7.7784,0.004076428571428562,0.007184285714285708,0.0012592857142857121,0.622939706,0.003099263,0.092733579,0.616670811,1.0,0.0
PDE1A,0.0,9.55194,20.4521,2.14804,11.0839,0.721368,1.72556,0.0230582,0.510758,0.903553,18.0719,1.38829,1.64713,0.0185304,2.37502,1.20066,-0.0057,0.0016,-0.0025,0.54646343,0.730656355,0.079649573,0.528666177,0.849862238,-0.73
PGR,0.0,0.606114,0.681998,1.75748,45.1429,0.108455,0.366293,0.00860162,0.0966189,0.422668,2.14859,1.44911,1.64211,0.00555133,1.69834,6.92862,0.00325,0.0056,-0.0001,0.833875239,0.884782623,0.080393195,0.50195897,0.503390698,-0.026285714285714284
PKD2L1,0.0,0.150846,0.0271238,0.0,0.0469471,0.191789,0.0259421,0.029756,0.0,0.0108064,4.34285,3.02365,0.0874236,0.0686577,0.0585381,11.35988,-0.0037,0.0072,-0.0046,0.250911236,6.57e-17,0.200157723,0.500118972,0.549274176,1.01
PLCD3,0.0,30.7186,8.79362,18.0637,17.8625,0.628377,15.3327,0.579364,16.6327,32.446,19.3525,2.47955,9.05755,0.814911,40.4021,1.91678,-0.1086,-0.06,-0.03205,0.275690168,0.000143297,0.07971031,0.500033134,0.50037082,-0.10228571428571434
RAD52,0.0,6.44561,9.06297,3.19182,16.1393,4.63894,6.25039,8.02587,9.46846,6.35615,10.289,10.7106,13.0243,1.60273,6.55567,2.96787,-0.0151,-0.0108,-0.0031,0.566305161,2.38e-07,0.091143307,0.500016283,0.504056183,0.51
SHBG,0.0,0.522775,1.03242,0.192648,0.919316,11.5862,0.197232,0.112384,0.422531,0.336238,12.3003,0.425054,0.969161,0.0345498,1.3208,3.31425,0.0164,0.0457,-0.0195,0.123297259,0.000188842,0.071737066,0.500503691,0.542211421,0.13
SLC12A2,0.0,38.1753,3.42694,3.91261,7.63253,1.67254,4.41262,14.8188,10.6474,6.0034,15.6647,4.57143,10.7423,0.483363,14.8726,2.34001,-0.01815,-0.0258,-0.0022,0.638582647,0.999438622,0.119126632,0.544764546,0.886001366,-1.31
SLC14A2,0.0,0.00802375,1.66793,0.0178205,0.0727311,0.0190877,0.02912,0.113287,0.0428142,0.0475561,0.875173,0.131058,0.0972405,0.0411743,1.39574,17.02493,-0.01205,-0.007,-0.00115,0.177065939,8.43e-14,0.090605471,0.500517653,0.500875669,0.28
SLC2A4,0.0,0.588399,2.15448,59.0967,21.3428,1.46751,6.54885,0.187633,0.16155,148.579,7.21154,0.475975,6.68359,0.463607,5.12207,6.60287,0.1647,0.103,0.0407,0.637993336,0.135386793,0.443624156,0.648131521,0.815279047,-0.18
SLC5A1,0.0,0.0279019,0.449648,45.4234,0.41317,1.04292,6.02458,0.0276677,0.0219949,0.0397713,6.14332,2.90746,1.81762,0.0157813,0.022321,4.26635,-0.0547,-0.0109,0.0010999999999999,0.684255004,0.008031196,0.081823812,0.500034706,0.500179533,0.33
TGFB1,0.0,19.2623,46.6335,11.4753,58.8729,8.99936,59.952,155.283,131.659,5.5196,17.7424,156.104,33.8618,306.449,40.4581,4.49902,-0.0038,0.00715,-0.0153,0.831385493,0.354132528,0.318073102,0.505206695,0.689214322,-0.12
VEGFA,0.0,16.422,110.403,66.8859,103.281,143.583,85.2684,74.4515,111.255,128.949,8.80042,139.717,34.8442,14.7345,56.1953,2.10662,-0.01385,0.00235,0.0048,0.5355995197142855,0.25113844897170007,0.156523813,0.317236042,0.442313052,-0.3285714285714286
