Gene,label_encoded,ExomiserScore_increasedBP,BrainPutamenbasalganglia_GTExTPM,KidneyMedulla_GTExTPM,HeartLeftVentricle_GTExTPM,CellsEBVtransformedlymphocytes_GTExTPM,CellsCulturedfibroblasts_GTExTPM,Liver_GTExTPM,WholeBlood_GTExTPM,Testis_GTExTPM,AdrenalGland_GTExTPM,Effect_HF_Median,gene_damage_index_score,HIPred_haploinsufficiency,pLI_exac,SDI_Drug_Probability,H3k4me1_count
MDS2,2.0,0.0,0.0907313,0.276583,0.00875534,0.452416,0.0,0.0339932,0.328155,0.493323,0.0374725,-0.0166325572818588,3048.37206,0.179693475,0.042965573,0.053038083,101.0
SSBP3-AS1,2.0,0.0,0.367,0.901092,0.626114,0.957434,1.16326,0.744777,0.268635,2.23378,1.62487,0.004878255828855594,78.75955,0.20503706862857152,0.09953835931222386,0.05262641,165.4857142857143
MROH7-TTC4,2.0,0.0,20.20593428571428,24.34329571428571,56.267365714285724,36.154292285714284,30.73330142857145,17.230737142857144,10.023896471428571,27.973818714285716,32.67488428571429,-0.0004594668141479742,6.75121,0.4442126061428575,0.2691590408138587,0.11828787275714284,100.0
DLEU2L,2.0,0.0,0.113832,0.259165,0.188748,1.03867,0.744964,0.0872401,0.0309385,0.794476,0.369551,-0.0054916037396632,0.63842,0.3234566001428571,0.22758916595278855,0.12075883869999997,234.4
NBPF8,2.0,0.0,0.947051,3.11563,1.24607,10.5807,13.2015,11.9025,1.72422,3.72245,4.53292,0.007581190020313,328.86495557142854,0.25456085088571434,0.14118774684679936,0.052968602,196.2
OR10J3,2.0,0.500000187,0.0,0.0,0.0,0.0,0.113672,0.0,0.0,0.0,0.0,0.0281902935611378,992.93356,0.123297259,0.001039428,0.051636578,32.0
MPZ,2.0,0.500288539,2.12074,6.65297,2.65591,4.81518,5.22345,2.43972,7.44155,6.0667,4.18328,0.0264763865728476,15.36913,0.714798927,0.691715781,0.118940358,77.0
FMO6P,2.0,0.0,0.0,0.0142925,0.0186218,0.0,0.246611,0.029309,0.0,0.0477606,0.0420816,0.0122743608753882,580.33047,0.170125708,0.376800998,0.09164209764285708,133.9857142857143
METTL13,2.0,0.036310417442857144,6.4007,12.7995,6.62912,34.5619,34.8662,7.08001,5.24399,32.1318,19.354,0.0047088957277343,3322.76582,0.49568212,0.00133198,0.11471996311428571,322.0
C1orf220,2.0,0.0,0.282989,1.60958,0.374184,2.17583,1.08476,0.632453,0.189384,1.51895,0.449223,-0.0179766317089233,322.55197599999997,0.23590765955714288,0.13325460495660052,0.11938018907142856,54.0
TMEM78,2.0,0.0,0.0226372,0.0251949,0.0,0.0,0.0,0.0,0.0,0.130451,0.0,-0.0037269364076341,1255.60773,0.19042644477142864,0.0856995304198541,0.09370424489999996,4.0
TSNAX-DISC1,2.0,0.0,18.96580428571428,23.47638285714286,45.18130714285715,37.8019392857143,32.115733571428585,15.820994285714287,9.891412014285713,22.595379285714284,31.001192857142854,0.0031847412893971434,322.680719142857,0.40330528532857157,0.3855985900983809,0.1154025377,689.0
OR2T7,2.0,0.0,0.0,0.0,0.0,0.0,0.0,0.0,0.0,0.0979547,0.0,0.0188610076409186,323.51097014285716,0.186891869,0.100403454,0.052631346,50.142857142857146
LINC01119,2.0,0.0,1.0538,0.630571,0.16637,0.174703,12.9666,0.237527,0.0973822,0.35251,0.956817,0.0124719014953204,1.39687,0.29288946077142847,0.2128934666962882,0.12076798979999998,345.0
LINC01118,2.0,0.0,0.0904631,0.490523,0.04009,0.0746887,0.337178,0.086356,0.0812503,0.309072,0.147372,0.0087088202373974,730.16422,0.16516941314285716,0.11016525465184336,0.11475446221428573,39.0
MDH1,2.0,0.507548238,111.308,116.959,439.976,207.615,130.413,53.3691,15.7746,61.7045,145.299,0.0224706335198112,36.87035,0.582084537,0.982634617,0.106678254,13.0
LINC01101,2.0,0.0,0.0,0.0137408,0.0,0.0,0.0,0.0,0.0,0.57027,0.0,-0.0086377301667091,1382.1205,0.16025720744285726,0.05110751538764567,0.06998411471428571,116.22857142857143
C2orf27A,2.0,0.0,1.21166,0.846491,0.297535,1.54615,4.47598,0.213943,0.068646,5.66768,1.53093,-0.0124532204698119,324.60293828571434,0.111908376,0.419684826,0.11892922652857142,116.38571428571429
LINC01124,2.0,0.0,0.0246832,0.336508,0.0487088,0.0,0.0288694,1.16508,0.0,0.886043,0.960103,0.0425755843121932,751.56713,0.2555123060857143,0.1241634476657143,0.11469647588571427,27.0
DIRC3,2.0,0.0,0.392799,0.457639,0.235577,0.214863,0.142203,0.0540373,0.0614172,1.78404,1.28694,0.0050969090692129,1079.12143,0.18819354574285724,0.15917795676620147,0.11883106489999996,146.0
TPRXL,2.0,0.0,0.0567202,0.103304,0.0354917,0.00297422,0.0286567,0.00927575,0.0,5.15588,0.0411856,0.0070451247266372,3182.26774,0.17391735011428572,0.09371360909538051,0.11486445295714286,111.72857142857143
LINC00692,2.0,0.0,0.0,0.0,0.0,0.0,0.0,0.0,0.0,11.987,0.0,0.0640584044248634,76.32231,0.21931820090000015,0.07307190495,0.07019544135714287,19.0
C3orf35,2.0,0.500017093,0.246736,0.727023,0.157667,0.620932,0.456441,0.639257,0.31039,2.73876,0.666448,0.0062603629708139,329.0188347142857,0.123297259,0.01413532,0.053062895,53.41428571428571
SACM1L,2.0,0.5132329,10.4394,18.5736,6.78633,25.9219,31.5161,10.4166,8.862,17.804,24.0012,0.0178497412627951,29.43851,0.693781972,0.721901743,0.112123056,184.0
GPX1,2.0,0.504016343,61.2269,201.736,67.8671,380.512,512.172,234.88,541.499,99.3517,372.731,0.0122348480682944,1198.35095,0.272162974,0.006931651,0.101438788,18.0
LINC01100,2.0,0.0,0.0,0.0,0.0,0.0,0.0,0.0,0.0,1.84389,0.0,0.0426762742804364,922.0438,0.20988922508571448,0.027948311900000022,0.07001649007142857,74.0
LINC00955,2.0,0.0,0.0,0.493998,0.0,0.0,0.0,0.0,0.0,0.0397416,0.0,-0.0001580661322695,320.02950171428574,0.15453281132857155,0.050631318024539976,0.07200459221428573,39.785714285714285
FAM90A26,2.0,0.0,0.00944676,0.0,0.0,0.0,0.0,0.0,0.0,0.0,0.0,-0.1052505237532289,319.3738528571429,0.1793887528142859,0.1752304788211843,0.08725718992857143,94.3
TMPRSS11BNL,2.0,0.0,0.0,0.0,0.0,0.0,0.0,0.0,0.0,0.0689053,0.0,0.0036233938948241,16.17797,0.146139458,0.315776901,0.07590493038571433,117.68571428571428
MAPK10,2.0,0.504071676,9.86472,4.27922,0.26771,0.0194571,0.20595,0.20146,0.0261022,7.69029,4.26535,-0.0230604186494406,24.35774,0.824708164,0.834149756,0.11563604,484.0
LINC01098,2.0,0.0,0.0275654,0.0,0.0,0.0,0.0,0.0,0.0,4.05033,0.0,-0.0098487044067692,37.03765,0.146139458,0.06380244869350096,0.0801892176714285,64.21428571428571
DUX4L7,2.0,0.500041174,0.0,0.0,0.0,0.0,0.0,0.0,0.0,0.0,0.0,-0.0036787583414925,322.13068685714296,0.16179820832857153,0.03147475398053358,0.06987935845714285,34.8
DUX4L6,2.0,0.0,0.0,0.0,0.0,0.0,0.0,0.0,0.0,0.0,0.0,-0.0233587026439505,320.89880114285717,0.1501952649428573,0.030370740887157202,0.07017567617142857,59.67142857142857
DUX4L5,2.0,0.0,0.0,0.0,0.0,0.0,0.0,0.0,0.0,0.0,0.0,-0.0074555538659083,321.893474,0.1509159506000001,0.030953989778113793,0.06999289514285714,34.41428571428571
DUX4L4,2.0,0.500041121,0.0,0.0,0.0,0.0,0.0,0.0,0.0,0.0,0.0,0.007253628711308,321.9572711428573,0.1639284453285715,0.040717469959104996,0.06998217104285714,30.4
DUX4L3,2.0,0.0,0.0,0.0,0.0,0.0,0.0,0.0,0.0,0.0,0.0,-0.0015018764561298,321.72005828571434,0.15252014384285725,0.030953989778113793,0.06990985984285714,35.457142857142856
DUX4L2,2.0,0.0,0.0,0.0,0.0,0.0,0.0,0.0,0.0,0.0,0.0,0.0054749848802695,321.72005828571434,0.15396734652857155,0.036389275456685216,0.06990464275714287,31.885714285714286
C5orf64,2.0,0.0,1.1897,0.0572237,0.0522611,0.0,0.0,0.00652896,0.0,0.421658,0.0197212,0.0081764812841349,323.136586,0.152543604,0.04110091,0.053038083,28.0
ANKHD1-EIF4EBP3,2.0,0.0,20.12035142857142,23.673429999999996,49.873697142857154,38.45943257142858,33.395250000000004,17.02477357142857,12.441317399999994,28.365884142857148,31.77661571428572,0.004597340550918065,322.6413312857142,0.454684258,1.0,0.11598460062857145,69.0
C5orf60,2.0,0.0,0.0414373,0.0564213,0.0,0.0,0.0,0.0448613,0.0,59.8005,0.0209968,-0.0149786215444437,321.74637971428575,0.19198033655714294,0.042902716803219505,0.053355798,83.11428571428571
EEF1E1-BLOC1S5,2.0,0.0,19.17158428571428,23.326914285714288,45.58643714285716,37.12092785714286,31.876722142857144,15.702365142857145,10.141512685714286,23.080171857142858,31.141759999999994,0.002826589331867025,322.4020074285713,0.4085858419714287,0.313785569741238,0.11561701794285713,433.0
OFCC1,2.0,0.0,0.0,0.0,0.0,0.113909,0.0,0.0,0.0,0.814621,0.0,0.0096668675152199,2022.19175,0.16795675120000012,0.09353581416613194,0.0699890559,196.0
HCG27,2.0,0.0,1.23105,3.04757,1.05714,5.86715,0.629431,1.20627,28.6278,2.20419,1.14225,0.0012790194634288,325.6542251428572,0.21617866100000022,0.17038445811283487,0.1166441195857143,220.0
ATP6V1G2-DDX39B,2.0,0.0,19.236701428571426,23.326914285714288,47.111815714285726,36.87876942857144,31.625772142857144,15.382453,10.063244257142857,22.894411857142856,31.311588571428565,0.003339168973447723,322.4020074285713,0.41374879290000016,0.3083631527555237,0.1154880241285714,185.0
MSH5-SAPCD1,2.0,0.0,20.00123142857142,23.481574285714284,50.97226857142857,37.29744942857143,34.03280500000001,17.163362857142854,10.095127114285711,25.89261357142857,31.97810714285714,0.004434154948631677,322.63067957142846,0.4325629462571431,0.29434292152814273,0.11553691742857143,59.0
GGNBP1,2.0,0.0,0.0333127,0.0223356,0.0,0.378641,0.0,0.0,0.0193832,6.04134,0.0175397,-0.0131665622403041,24.37073,0.18505496042857159,0.10887447767716998,0.071954774,63.0
VEGFA,2.0,0.528331768,13.0897,110.403,66.8859,74.4515,111.255,143.583,14.7345,8.80042,56.1953,-0.0055865758963153,95.26537,0.5297697625571429,0.514802943571429,0.156523813,147.0
AMD1,2.0,0.524617931,39.7668,40.3527,25.4332,94.5065,60.63,15.4883,23.5524,47.1755,27.3697,-0.0136345296171721,19.21749,0.625946879,0.903413518,0.052540639,130.0
KIAA0087,2.0,0.0,0.087569,0.0886124,0.00836091,0.0,0.0,0.0,0.0,0.301222,0.0545187,-0.0021924021585459,17.91578,0.19407920862857156,0.16162222071428572,0.11251062814285716,44.2
ST7-OT4,2.0,0.0,0.0169254,0.0735612,0.021591,0.2143,0.0559292,0.0,0.0,8.58833,0.0307627,-0.0016070364613037385,12.95902,0.21387472555714293,0.19155633567234004,0.11251062814285716,231.0
PAXIP1-AS2,2.0,0.0,1.39764,2.31304,0.751052,5.85594,4.80882,1.77775,0.691576,3.20924,3.6798,0.00035187114145545186,12.66462,0.146139458,0.09168088,0.11709147805714284,38.0
HTR5A-AS1,2.0,0.0,4.35049,0.0,0.0,0.0,0.0,0.0,0.0,0.0,0.0,-0.03654713609085004,13.85041,0.295731395,0.632521887,0.08718145719999999,126.8
BLACE,2.0,0.0,0.0,0.0,0.0,0.0,0.0,0.0,0.0,0.128771,0.0,1.99998000025756e-05,17.57081,0.16452138217142873,0.15570771901428998,0.07207573490000001,16.0
OPRK1,2.0,0.501546465,0.61995,0.0,0.0182795,0.0,0.0,0.0,0.0,0.841966,0.0,-0.0099109516285399,95.00702,0.765970349,0.018815519,0.18091485,105.1
C8orf44,2.0,0.0,2.8018,4.47058,1.37937,4.86457,3.92934,1.44844,1.08766,10.789,3.03033,-0.003773109232526,332.42903957142846,0.146139458,0.016940286,0.053355798,26.0
C8orf44-SGK3,2.0,0.0,19.409098571428565,23.79479714285714,49.080858571428564,33.618790142857144,31.152591428571434,15.600203000000004,8.702012085714287,24.16016114285715,31.35988,0.003307961071050908,323.3767864285713,0.322283506,0.136791141,0.075300577,164.0
REXO1L1P,2.0,0.500111692,0.0,0.0,0.0,0.0,0.0,0.0,0.0,0.0,0.0,0.0053357395895191,321.9572711428573,0.17735365501428582,0.04205177542339072,0.06988767485714287,30.485714285714284
REXO1L11P,2.0,0.0,0.0,0.0,0.0,0.0,0.0,0.0,0.0,0.0,0.0,0.0369296290849101,323.07141700000005,0.20555662520000015,0.050373847414285716,0.07003525625714285,29.642857142857142
REXO1L10P,2.0,0.0,0.0,0.0,0.0,0.0,0.0,0.0,0.0,0.0,0.0,0.0047785644529741,321.72005828571434,0.15396734652857155,0.036389275456685216,0.06990464275714287,31.885714285714286
C8orf17,2.0,0.0,0.0,0.00776402,0.0,0.0,0.0,0.0,0.0,0.0,0.0,0.0003999200213268,320.4013811428572,0.1546342535428573,0.059856356055283784,0.07195418592857145,33.31428571428572
DKFZP434A062,2.0,0.007766412914285714,0.20143,0.112464,0.0188813,0.0,0.252352,0.00678165,0.0,0.481778,0.0536451,0.0239313472917025,320.35921042857154,0.20006999837142864,0.09280254615987653,0.11492169671428572,92.95714285714286
C9orf163,2.0,0.0,0.444958,0.953132,0.0592585,0.288181,0.185427,0.51919,0.0546352,5.93235,0.358823,0.0221528046411333,325.3300581428572,0.153042644,0.055046603,0.11725626307142858,63.0
PTCHD3,2.0,0.0,0.0,0.0,0.0,0.0,0.0,0.0,0.0,3.8955,0.0,-0.0306344805760982,5927.22826,0.123297259,6.38e-11,0.070722998,155.4857142857143
FAM25E,2.0,0.0,0.0,0.0,0.0,0.0,0.0,0.0,0.0,1.50854,0.0,-0.0511748804193897,320.85842828571435,0.15664969840000018,0.14985355985027665,0.07019230062857143,123.85714285714286
ARHGAP19-SLIT1,2.0,0.0,19.190728571428565,24.717681428571424,50.77366722857141,32.86246842857143,29.7625442857143,17.88087342857143,9.074095857142856,25.088541142857146,31.680525714285718,0.0020076766021935176,514.02292,0.163354397,2.95e-07,0.11546310459999999,390.0
TLX1NB,2.0,0.0,0.0,0.0,0.0,0.0,0.0,0.0,0.0,1.67001,0.0,-0.0082484325449456,838.36016,0.179693475,0.019335617,0.07019291877142857,42.0
C11orf40,2.0,0.0,0.0,0.0,0.0,0.0,0.0,0.0,0.126992,0.0,0.0,-0.0227467597844331,319.6197045714286,0.146139458,4.85e-08,0.07036102737142857,77.05714285714286
OR51J1,2.0,0.0,0.0,0.0,0.0,0.0,0.0,0.0,0.0704212,0.0532323,0.0,-0.0028560747012092,7084.95896,0.1618442747000001,0.026059778021713744,0.069108334,94.84285714285714
OR56B3P,2.0,0.0,0.0,0.0,0.0,0.0,0.0,0.0,0.0614422,0.0,0.0,-0.0086452628250338,80.87719,0.111908376,9.25e-07,0.07037414422857144,1.0
OR52B1P,2.0,0.0,0.0,0.0,0.0,0.0,0.0,0.0,0.0584605,0.0,0.0,0.0217971350015286,392.85365,0.1559025537285715,0.03970159491382386,0.06991199052857143,29.9
ACP2,2.0,0.50007373,13.2292,25.5384,12.3562,15.5135,29.2055,48.116,8.29871,25.2647,46.3797,-0.0109719725513699,78.48884,0.455287486,0.000525977,0.120120789,61.0
ZFP91-CNTF,2.0,0.0,19.88379142857142,23.484295714285714,50.64112285714286,37.484088,33.95862214285715,17.381900714285713,10.110724257142854,23.98325642857143,31.97810714285714,0.00430871818879224,322.63067957142846,0.4241503841428574,0.2785077759550951,0.11553691742857143,57.0
HNRNPUL2-BSCL2,2.0,0.0,19.912992857142847,24.08936,47.787497142857156,37.45468085714286,31.925736428571444,17.427735,10.092449257142855,23.73201528571429,32.30369571428571,0.00617690887830344,322.63067957142846,0.4373512917571431,0.301459062112238,0.1154573734285714,46.0
CASP12,2.0,0.500306997,0.210562,0.875637,0.204667,0.0385083,0.0,0.0838806,0.0,0.395386,0.21619,0.0159668433828308,234.35021,0.111908376,0.087712485,0.094640145,6.0
COLCA1,2.0,0.0,0.855186,7.07442,0.141394,0.50074,0.0330336,0.338163,0.0192248,2.30677,0.348803,0.0074422377204291,40.69872,0.179693475,0.02661554,0.070124777,32.0
HSPB2-C11orf52,2.0,0.0,19.989764285714276,24.49391,48.42580714285716,34.601835142857134,29.788746428571443,17.11320785714286,9.252682585714284,23.428153857142856,32.52564285714286,0.006324336767050544,322.63067957142846,0.4285403652000002,0.24643864513938085,0.11555476345714284,30.0
KLRC4-KLRK1,2.0,0.0,20.154788571428565,24.370815714285705,55.47226571428572,34.02595657142857,33.34154571428572,17.724796242857146,10.15979711428571,26.092931285714283,32.83526428571429,0.011631509819856804,1.21964,0.43738403218571453,0.29731320765671687,0.1174594143,56.0
LOH12CR2,2.0,0.0,5.55694,2.75394,0.965988,0.673345,1.5539,0.661395,0.359423,1.77758,1.92351,0.0102176218604171,306.16498,0.25943593015714295,0.12704593897142852,0.11814719271428571,10.0
LDHB,2.0,0.519358607,380.635,786.406,873.758,1127.89,738.488,11.9977,74.2765,143.991,409.089,-0.0107071171436881,57.25382,0.561718941,2.03e-05,0.120383642,106.0
OVCH1-AS1,2.0,0.0,0.0189174,0.109593,0.0542266,0.018587,0.0332698,0.0342261,0.151147,8.3291,0.0764733,-0.0025359225028884994,205.72001,0.1707971949000001,0.10079869090098123,0.10425934318571428,110.0
VDR,2.0,0.959358571,0.036067,3.30652,0.178733,7.89811,21.3092,0.334088,7.33678,1.51429,11.7527,-0.0251352614719955,55.75589,0.786468923,0.392125212,0.103577578,161.0
CLLU1,2.0,0.0,0.0,0.0430401,0.0,0.264654,0.0,0.0,0.0,0.0119005,0.0,-0.0311150926334478,328.75219,0.146139458,0.041368284,0.053355798,36.0
DNAH10OS,2.0,0.0,2.7944,1.79227,0.50955,0.0853608,0.501327,0.389781,0.187845,2.65095,0.439886,-0.0022466647610023,458.23563,0.146139458,0.013366389,0.11890662055714282,76.75714285714285
BRI3BP,2.0,0.0,7.30477,5.72383,1.39313,49.4382,8.01932,4.37406,2.23634,4.26135,2.87851,-0.0021227515801827,23.69353,0.42872709,0.125132505,0.080466105,18.0
DLEU1,2.0,0.0,0.116684,0.333115,0.200964,0.689401,0.596567,0.189367,0.113741,1.01444,0.279784,-0.0008976775429402,640.06835,0.21232738597142867,0.2165585359198001,0.11722702225714288,1468.0
DHRS4-AS1,2.0,0.0,8.79163,11.8137,2.855,9.03669,16.2858,15.6023,1.81212,6.37367,9.98248,0.0045792370806239215,202.38423,0.24280837321428572,0.10380736314177226,0.11591906692857147,82.0
SLC25A21-AS1,2.0,0.0,1.41708,5.54744,0.777632,0.0,2.34478,1.03439,0.0,5.50948,2.53935,0.007545892713610888,160.59404,0.146139458,0.387549574,0.11668234427142861,24.0
TTC6,2.0,0.0,0.0,0.00523126,0.0,0.0,0.012128,1.25251,0.0,5.94838,0.00546576,0.0007497188905459,3948.4689,0.138881207,8.74e-09,0.09877876831428574,107.0
GABARAPL3,2.0,0.0,0.0472907,0.0367341,0.0183604,0.0,0.0,0.016121,0.0,0.840847,0.0267056,0.0003299455619759,475.10373,0.171224996,0.019405965,0.092183797,93.0
C15orf32,2.0,0.0,0.0,0.0,0.0,0.0,0.0,0.0,0.0,2.63846,0.0,0.0289760657702385,320.51587400000017,0.146139458,0.005509554,0.0702873188857143,69.3
SPATA8,2.0,0.0,0.0,0.0432773,0.0,0.0,0.0,0.0621906,0.0,732.448,0.14869,-0.0063043337175956,259.96249,0.123297259,0.158580482,0.09831117837142861,115.88571428571429
LINC00923,2.0,0.0,0.0260047,0.166885,0.157336,0.0,0.0,0.124895,0.0,1.45915,0.462361,-0.0083265705628573,31.91972,0.211710252257143,0.1749426798820247,0.11476911912857143,194.0
P2RX5-TAX1BP3,2.0,0.0,19.97539999999999,23.37577142857143,49.30641857142858,36.95433228571429,31.604690714285724,15.844509428571428,10.007557685714284,25.861054999999997,32.10715857142857,0.002664722660754734,322.4020074285713,0.42458002910000026,0.28971517104285704,0.11556756812857143,110.0
RNASEK-C17orf49,2.0,0.0,19.97913714285713,24.49391,50.088772857142864,37.29184657142857,30.335694285714304,17.044930714285712,10.012810685714284,23.431467000000005,33.73407571428572,0.0058554924318449915,322.7192567142856,0.4429120415571431,0.30887879488223796,0.11534652854285714,16.0
TMEM256-PLSCR3,2.0,0.0,20.59688571428571,24.164774285714284,49.17135428571429,34.20523028571428,32.148890000000016,16.606549,9.807546328571426,25.229850999999996,31.901491428571436,0.0006171217213345754,18.99513,0.61672318,0.245307294,0.1150275085142857,118.0
FAM106A,2.0,0.0,0.0584567,0.0406689,0.131317,0.199646,0.766142,0.0815282,0.0340597,1.8591,0.240219,0.0095806816494965,324.09609928571433,0.1779854735571429,0.1421429539928561,0.11499140794285714,136.32857142857142
ZNF286B,2.0,0.0,0.46727,0.904861,0.145201,0.589235,0.93444,0.134173,0.076501,0.911304,0.478589,0.0210665341117003,6652.48026,0.186891869,0.003746029,0.053038083,162.17142857142858
UBBP4,2.0,0.0,1.62845,1.45881,1.15326,2.85659,2.06883,2.09571,3.5196,105.313,2.84593,0.0043354181066288,3342.56634,0.18980889,0.061068295,0.11725593604285715,86.24285714285715
CCL15-CCL14,2.0,0.0,20.05562857142856,23.488830000000004,50.99288857142858,37.23574800000001,32.079696428571445,16.76968857142857,10.090071542857142,23.98325642857143,31.778138571428567,0.0037281454174377363,322.4020074285713,0.4133489592285716,0.2890944149265237,0.11557829931428572,78.0
FAM215A,2.0,0.0,0.0,0.377612,0.0,1.03132,0.0,0.0,0.0427274,2.81069,0.0,-0.0007502813907041,13.12567,0.17840797520000012,0.1886541037142858,0.09345212534285707,126.01428571428572
DNAH17-AS1,2.0,0.0,0.332178,0.0824221,0.0,0.947814,0.0275079,0.0,0.0224451,0.178696,0.0,-0.001990710213623396,10615.75068,0.146139458,0.446203082,0.09397656338571425,113.48571428571428
C1QTNF1-AS1,2.0,0.0,0.0789843,0.224788,1.35612,0.0,0.329685,0.0714275,0.0,0.0983667,26.2064,0.007001738052765099,3.27382,0.21772816838571443,0.19089732508571594,0.10439337075714285,12.0
AQP4,2.0,0.543648904,40.5708,0.17791,0.477263,0.0255659,0.0,0.0752551,0.0,0.758991,0.0239611,0.0243218121450657,138.0763,0.604904294,0.018149042,0.089248787,125.72857142857143
GTSCR1,2.0,0.0,0.0,0.0,0.0,0.0,0.0,0.0387683,0.198994,1.16751,0.0,-0.0148289313658663,263.8848,0.1491122651285716,0.010728552516453854,0.07028046277142856,90.35714285714286
ZNF625-ZNF20,2.0,0.0,19.912992857142847,23.60392857142857,47.79429000000002,37.83321942857143,31.9999192857143,17.381900714285713,10.076852114285712,23.731291,32.13670428571428,0.006395325551237084,322.63067957142846,0.4373512917571431,0.3137906172408094,0.1154573734285714,51.0
RPSAP58,2.0,0.0,10.7063,18.4366,5.39288,55.0223,49.2502,8.06143,10.2595,12.6413,19.5658,0.004201162744548,3538.79624,0.186891869,0.581630356,0.11522208001428569,252.21428571428572
RAB4B-EGLN2,2.0,0.0,20.00425999999999,23.39742142857143,49.833535714285716,36.757028000000005,31.573123571428578,16.39496357142857,10.03389797142857,25.99614785714286,32.11369285714285,0.002478782937320223,322.4020074285713,0.4227878136714288,0.3231706258995713,0.11557829931428572,96.0
APOC4-APOC2,2.0,0.0,20.086844285714278,24.51415857142857,46.75945151428573,37.168972857142855,29.815488571428588,17.61131828571429,10.290243685714286,22.802577857142857,33.71355714285715,0.005660083940892961,73.32352,0.4462700582428574,0.3609500487536666,0.11528459304285713,6.0
TPRX2P,2.0,0.0,0.0,0.0,0.0,0.0,0.0,0.0,0.0,0.19185,0.0,0.0179011558431447,764.43055,0.138881207,0.011646234,0.07008110099999999,37.9
C19orf84,2.0,0.0,0.0908901,0.0521134,0.0,0.288203,0.0487922,0.0265933,0.737058,44.1147,0.0530873,0.0260088191810509,320.9235278571429,0.20380719790000013,0.09004764692299386,0.11242545000000001,40.0
ZNF321P,2.0,0.0,0.278478,5.32239,0.509164,5.63439,2.73497,0.42093,0.934389,1.54791,1.88592,-0.0027211992118908,43.02154,0.132359073,0.184601492,0.11646665384285715,112.0
BIRC8,2.0,0.500163337,0.0,0.0,0.0,0.0,0.0,0.0,0.0,19.1258,0.0,0.0427313375849073,170.60625,0.111908376,6.54e-07,0.069192978,49.357142857142854
KIR3DX1,2.0,0.0,0.0635275,0.0146914,0.00807139,0.978169,0.0,0.0314596,0.88981,0.371277,0.0715515,0.0109003742726012,217.91688,0.17761401932857146,0.1384144341669423,0.10518594092857142,8.0
PRNT,2.0,0.0,0.0,0.0,0.0,0.0,0.0,0.0,0.0,15.6821,0.0,0.0019281399428889,6.95921,0.179693475,0.105498859,0.052540639,55.0
FAM182B,2.0,0.0,1.25799,0.270178,0.126044,0.0912101,0.110042,0.0563413,0.0321604,11.3845,0.299508,-0.0016552804924149,26.25882,0.22463424571428584,0.18397079842223593,0.118150072,5.0
SYS1-DBNDD2,2.0,0.0,19.968181428571423,23.335732857142858,49.30641857142858,36.66711085714286,31.70300071428572,15.914662714285717,9.995288399999998,25.115742428571426,31.79760142857143,0.002409938523706169,322.4905845714285,0.4262698158714288,0.30853794065552365,0.11568806815714286,133.0
PPP4R1L,2.0,0.0,0.846871,3.46394,1.13847,5.03708,5.21691,0.972972,5.63274,8.8665,5.10692,-0.0227269530458402,1076.00834,0.24956685264285727,0.1523076035340078,0.11653900225714288,311.0
STX16-NPEPL1,2.0,0.0,19.990598571428563,23.376177142857145,49.30641857142858,36.70888085714286,31.604690714285724,15.712493142857141,9.995288399999998,25.23771528571428,32.10715857142857,0.002409938523706169,322.4020074285713,0.4204811317714288,0.29562767344123797,0.11556756812857143,123.0
DSCR4,2.0,0.0,0.0,0.0,0.0,0.0,0.0,0.0,0.0,0.914702,0.0,0.0085037404912207,38.01909,0.146139458,0.001317005,0.07032352382857143,108.0
DSCR8,2.0,0.0,0.0,0.168056,0.0,0.0,0.0,0.0,0.0,42.1343,0.0,0.0087119406020215,302.72063,0.167694442657143,0.04280187091102098,0.07201201108571431,67.0
FAM230A,2.0,0.007143444585714286,0.0,0.0,0.0,0.0,0.0,0.0,0.0,2.95877,0.0,0.0173338830625351,320.51587400000017,0.14962888650000022,0.0220979372423953,0.07005567885714285,72.75714285714285
LL22NC03-63E9.3,2.0,0.09286780484285712,0.0,0.0,0.0,0.0,0.0,0.0,0.0,1.83653,0.0256603,0.01020612597421035,150.67565,0.16778409030000013,0.033777958691455716,0.053062895,59.48571428571429
GSTT2,2.0,0.503842681,0.0492139,0.0819578,0.0525304,0.0,0.158377,0.0906977,0.0,0.263285,0.392639,-0.0045854015799221,324.2553995714287,0.237914741,0.226734829,0.069281313,165.21428571428572
RFPL3S,2.0,0.0,0.853463,1.24233,0.159532,0.946083,0.245911,0.388028,0.395956,64.7789,0.465675,0.0202437064770425,28.92481,0.146139458,0.415441822,0.11651748281428573,59.0
C22orf46,2.0,0.0,12.4122,7.35996,4.80493,13.1776,16.8409,3.86415,1.46007,38.1024,5.84542,0.0153121681016057,330.6836124285713,0.2723607405857143,0.13352777377859862,0.051636578,13.0
CHKB-CPT1B,2.0,0.0,19.912992857142847,24.08936,47.787497142857156,37.45468085714286,31.925736428571444,17.427735,9.730099728571426,23.750566714285718,32.30369571428571,0.005900930632117306,322.63067957142846,0.4373512917571431,0.28912750698366657,0.1154573734285714,45.0
GABRD,1.0,0.50002145,30.5902,0.363888,0.26992,0.0355514,0.0239123,0.0988729,0.0543746,8.8514,1.03713,0.0168419890541346,324.9048801428572,0.836621523,0.923498878,0.139221358,205.25714285714287
ECE1,1.0,0.957427108,15.769,36.8158,26.8066,10.7316,124.976,30.7815,62.9175,41.4507,139.869,0.0035736070532894,308.51135,0.72829324,0.999768646,0.226481221,315.0
CNR2,1.0,0.501546079,0.00623942,0.0330206,0.00552408,12.4284,0.0,0.0632216,1.24283,0.255117,0.0122467,0.0026365213211297,101.19462,0.207846448,0.000110726,0.105379175,33.0
GRIK3,1.0,0.500265747,2.80233,0.0749367,0.167802,0.0107116,0.00626927,0.0336573,0.0170692,1.1607,0.250881,-0.0066097966556533,63.24558,0.767620981,0.99998017,0.256151547,12.0
NDUFS5,1.0,0.504379625,394.595,378.037,647.361,478.559,560.863,168.473,56.2224,210.65,365.063,-0.017168062722006,25.45813,0.170952082,0.098217332,0.086939939,90.0
FAAH,1.0,0.500836406,25.4162,33.2363,2.36179,2.72513,1.71692,34.4063,4.39832,138.944,29.1006,0.0425325307187025,1643.89831,0.386892766,5.93e-07,0.093402374,62.0
PDE4B,1.0,0.503172802,13.4782,3.55528,1.92553,13.2123,7.36637,1.24352,5.66715,3.2333,1.42702,0.0198755129870579,150.61725,0.71454072,0.709078617,0.178333201,847.0
PTGER3,1.0,0.502676701,0.0280242,22.8605,0.130676,0.0211404,0.175198,0.0719525,0.0336553,0.524034,1.8224,0.0032546964786058,53.0037,0.610090971,0.787642829,0.093103062,49.0
PTGFR,1.0,0.502023237,0.188469,1.88412,0.292734,0.023939,32.4478,0.676659,0.100323,0.882628,3.45795,0.0084391825108038,104.34598,0.694935441,0.760040675,0.092061845,193.0
BRDT,1.0,0.0,0.0597549,0.0143879,0.0,0.007835,0.0,0.00629905,0.00792705,114.477,0.00667173,0.0177112627059057,2880.26845,0.464344293,2.47e-06,0.052631346,24.0
AMY2A,1.0,0.510513287,0.895211,0.531117,0.0574654,0.295575,0.108373,0.285893,0.0323441,0.432065,0.345664,-0.0218469154300087,1231.4964,0.237914741,0.005603917,0.078329154,156.32857142857142
ADORA3,1.0,0.5420802069571427,1.66656,0.483078,0.687136,0.136191,0.0,0.472954,2.24752,2.32545,7.99497,0.0213700257361925,28.68541,0.123297259,0.006057306,0.0682285,154.0
ATP1A1,1.0,0.511984444,77.2175,498.37,70.317,269.533,208.799,34.1715,38.7864,118.85,112.426,0.0050273415160262,39.64671,0.824708164,0.99999385,0.498852198,32.0
IL6R,1.0,0.502268288,2.48617,4.1569,3.64374,6.70894,4.54585,38.0337,52.6906,6.17905,7.56139,0.0102522648642763,1450.71381,0.54232949,0.047869037,0.221850675,206.0
CHRNB2,1.0,0.500796004,6.94188,0.116154,0.0208483,0.130299,0.0780719,0.0428274,0.0539968,1.97427,0.112605,-0.0007312673107774,25.07801,0.646412015,0.720254345,0.196939326,19.0
ATP1A2,1.0,0.51198097,422.036,1.73529,81.9883,0.30993,0.315514,0.617772,0.263955,11.4643,1.71578,-0.0013465808131631,48.50463,0.747095764,0.600219587,0.227113211,15.0
ATP1A4,1.0,0.514348269,0.126814,0.0350559,0.0684938,0.0634868,0.0,0.0101497,0.0491981,27.8959,0.0232253,0.0039123368199155,617.99318,0.53460449,1.9e-11,0.077686188,13.0
NDUFS2,1.0,0.504536761,37.7709,94.1948,120.763,95.7788,94.3727,63.5847,29.7559,58.7169,106.017,0.0094551477314971,1000.4517,0.641521156,0.997735395,0.08842893,51.0
SERPINC1,1.0,0.653736237,0.130712,0.416313,0.106433,0.0619747,0.100464,1054.38,0.501591,0.988148,0.1896,0.022524295316764,54.14108,0.800815582,0.993263587,0.11890135,224.21428571428572
PTGS2,1.0,0.826392613,0.564705,13.1513,0.276515,0.115856,2.47237,1.29524,4.39332,0.348258,1.84019,-0.0196903387183625,119.93994,0.765388608,0.999033116,0.155079366,34.0
CACNA1S,1.0,0.514233373,0.247443,0.0516553,0.0241158,0.0166974,0.00793897,0.0112661,0.0141553,0.355819,0.0104981,-0.0107025761303408,6599.51391,0.544160545,9.56e-08,0.117796257,34.0
ADORA1,1.0,0.503301766,30.7578,2.70811,3.55036,0.045492,0.302798,0.158664,0.0399672,35.5194,0.21497,0.01327154219324,30.51321,0.572527647,0.021258038,0.255110487,93.0
REN,1.0,0.887688063,0.0929289,7.60327,0.0,0.0,0.0668369,0.373362,0.0,1.42401,0.663159,0.0144353077962557,42.28384,0.352524012,0.006604139,0.10559924,91.0
HSD11B1,1.0,0.511225066,6.82362,26.1229,2.11319,0.158765,39.1729,238.705,0.162381,8.41147,6.81114,-0.0116131726085334,4.46983,0.451622128,0.691555251,0.080456644,78.0
KCNK2,1.0,0.0,4.48841,0.642603,0.0854284,0.0215678,95.7983,0.0143668,0.0,0.71059,49.3798,-0.0219455637105462,31.8264,0.836621523,0.339842885,0.200322211,116.0
PARP1,1.0,0.503542525,26.9892,18.4726,25.3978,173.97,54.2171,13.3773,8.76672,50.2458,26.1555,-0.0008208373904668,3117.80668,0.705665529,0.006996931,0.194514712,63.0
CHRM3,1.0,0.502537222,1.04474,0.507317,0.0245066,0.00528917,0.0105065,0.103994,0.00896111,0.804615,0.184774,-0.0148974175325149,97.64234,0.79233712,0.937026128,0.177371139,196.88571428571427
RRM2,1.0,0.50189449,0.0336433,0.486886,0.104622,174.485,39.7728,0.537272,3.26894,6.58578,1.00747,-0.0275993831575394,20.12841,0.824708164,0.968270921,0.053062895,22.0
ROCK2,1.0,0.570663532,9.60732,10.3872,6.46575,11.2695,36.765,6.75914,1.80056,9.54924,10.2005,-0.0117215428386887,2623.84779,0.786468923,0.99999999,0.106450474,512.0
KCNK3,1.0,0.615881762,1.13144,2.46963,0.560941,0.0314508,0.0649233,0.279457,0.0223808,0.812116,248.278,0.0031134335700643,11.36951,0.5395497884142856,0.172427998666834,0.079957142,88.0
XDH,1.0,0.5042041,0.00890956,0.200846,0.00904057,0.00783612,0.604859,26.0548,0.0,0.215415,0.0107264,-0.0019273561944606,1251.61702,0.492040008,1.56e-13,0.090605551,301.8142857142857
IL1R1,1.0,0.502249337,2.28473,20.7804,8.20175,1.41595,188.511,22.6486,12.4309,16.2306,59.0051,0.0078094268914819,126.73913,0.214144617,0.362921431,0.104614545,360.0
GPD2,1.0,0.500265531,11.1791,6.75911,2.43283,22.9876,23.2863,1.4968,3.30899,10.4349,4.76649,-0.0096756585790511,295.46766,0.591144443,0.000100775,0.070531428,191.0
DPP4,1.0,0.505824881,0.0321461,11.6074,1.8248,3.29105,48.8304,6.41468,2.38392,1.59925,2.80571,-0.050903896528528,165.27236,0.49761945,4.06e-10,0.346091057,267.0
SCN3A,1.0,0.51390877,3.44937,1.19384,0.560458,0.0755694,0.00937169,0.0459415,0.0577972,3.22172,0.228164,0.0126868437664994,555.03286,0.809411645,0.999999993,0.079428295,276.2857142857143
SCN2A,1.0,0.518955415,4.80039,1.54609,0.0143493,0.00953275,0.123913,0.0255395,0.00634743,0.357389,0.264267,-0.011123935820543,693.6775,0.778094649,0.999999992,0.221317229,23.0
SCN1A,1.0,0.520687929,3.5688,0.013081,0.0339746,0.005533,0.296382,0.00645029,0.0,0.177375,0.014982,0.0195427895115379,148.17021,0.739938915,1.0,0.203938005,309.0
SCN9A,1.0,0.0,0.402272,0.427565,0.14708,0.00670056,2.02767,2.07744,0.194653,8.93858,0.148575,-0.0098867128768344,2905.67056,0.422169268,9.3e-13,0.090640283,148.0
SCN7A,1.0,0.500586566,0.266905,0.523984,9.99314,0.0298134,0.056484,0.478821,0.0225716,4.34285,2.95057,-0.0172967296818905,781.90454,0.146139458,1.72e-15,0.069810845,139.0
PDK1,1.0,0.500428688,0.685578,2.07124,2.97884,17.9619,6.10438,1.723,2.72167,3.89768,3.47814,-0.0085077885854465,49.87193,0.708272398,0.004656689,0.096405895,72.0
CHRNA1,1.0,0.503080632,0.0948121,0.00533218,0.044728,0.0229445,0.0220401,0.0,0.0093752,1.14444,0.0,-0.0022365443024255,241.66802,0.308769464,8.8e-06,0.177106195,19.0
NFE2L2,1.0,0.501587419,23.0434,59.3234,17.7418,43.8494,87.6117,24.0384,30.8188,49.3762,48.9406,-0.0043208215101246,65.31614,0.824708164,0.686008362,0.17263389,394.0
NDUFB3,1.0,0.504394981,49.4042,112.74,144.967,128.536,99.1023,36.8917,19.0492,82.4261,73.1761,0.0023472430683482,9.41646,0.19806622,0.042565284,0.081322509,27.0
NDUFS1,1.0,0.504586942,11.7924,16.0887,42.3908,24.8187,23.8054,13.1002,3.43826,15.6113,32.1157,-0.0182882145981794,91.54067,0.228539303,3.97e-09,0.118874353,91.0
PDE6D,1.0,0.504231685,17.8552,12.2367,6.09898,30.6975,17.0749,4.5045,7.71075,66.9199,20.2727,-0.0350636059095896,36.22935,0.705388129,0.084496093,0.103357975,68.0
CHRND,1.0,0.500107022,0.129926,0.00413278,0.0201644,0.0113366,0.0,0.0,0.0165113,0.616376,0.0655095,-0.0118539816471187,107.43573,0.369415909,7.26e-07,0.180162134,42.52857142857143
CHRNG,1.0,0.500067141,0.0107706,0.0245175,0.0,0.0934711,0.0371075,0.024927,0.0398192,0.171192,0.0224781,0.0109743969044321,505.40763,0.250911236,1.13e-09,0.140121038,16.0
TRPM8,1.0,0.500414762,0.0738249,0.0146251,0.0,0.010266,0.0100485,7.64697,0.00863564,0.718213,0.00691115,0.0006746982774088,3815.40564,0.557154119,4.74e-15,0.105321091,188.0
NDUFA10,1.0,0.504428112,21.8889,34.4902,50.0937,47.7041,44.2373,21.826,9.72085,39.3852,46.5858,0.0305098062045717,1093.05276,0.24992983,0.00138794,0.116073213,80.0
OXTR,1.0,0.503163191,2.37526,0.570794,0.216751,13.7443,2.37101,0.104608,0.0647339,0.711735,0.267165,0.0026863884253075,1649.79782,0.388514519,5.74e-05,0.120277882,60.0
PPARG,1.0,1.0,0.712427,8.14741,4.71655,0.309642,20.4223,3.55026,1.7768,7.02336,2.81662,0.0035985120893185,580.36578,0.856568098,0.668218174,0.132401129,204.0
RAF1,1.0,0.535034847,27.1455,52.5623,69.9423,108.274,121.164,51.8889,131.141,71.1668,51.5407,0.0053954185169075,87.82499,0.782960892,0.999776866,0.15465948,481.0
SCN5A,1.0,0.570663532,0.151946,0.0909832,35.1075,0.031085,0.0979632,0.0166013,0.109965,0.736711,0.0996036,0.004065669735589,1128.17048,0.710956991,0.995747527,0.277357892,132.0
SCN10A,1.0,0.517372347,0.0,0.0,0.0440886,0.0,0.0,0.0,0.0,0.458663,0.0,-0.0052311587753761,1695.64989,0.519814193,6.14e-26,0.092857367,161.0
SCN11A,1.0,0.505563329,0.32589,0.446237,0.0266712,0.0890363,0.0402398,0.117484,0.00879903,2.99682,0.155336,0.0256580001123855,421.59129,0.233205885,2.52e-19,0.093518256,13.0
NDUFAF3,1.0,0.500109709,51.9261,60.4821,62.3998,84.2359,83.0369,33.3949,31.3415,486.215,98.102,0.001468920607675,254.16433,0.239198908,4.86e-05,0.075906902,2.0
IMPDH2,1.0,0.507879069,34.9394,91.1606,40.0499,387.597,469.724,39.4339,36.7915,89.2369,121.755,0.0045167295352546,20.66552,0.700911403,0.001353166,0.178591962,6.0
PARP3,1.0,0.50024677,14.0429,22.1625,8.63738,30.9917,36.4006,21.2241,2.59385,13.7254,50.4642,4.247690066185028e-05,495.98891,0.436840415,1.49e-08,0.079917519,3.0
NISCH,1.0,0.0,26.6494,41.2988,18.3826,30.1606,47.4994,19.9419,23.8702,139.633,65.6696,-0.0024339596781246,289.95693,0.670743585,0.817101389,0.117045074,175.0
CD80,1.0,0.513779455,0.0200957,0.263469,0.0379345,74.2731,0.0,0.110068,0.143977,0.207522,0.165819,-0.0211031976867768,78.41717,0.132359073,0.255224581,0.12056353,141.07142857142858
NDUFB4,1.0,0.504377919,57.0176,97.7336,143.148,135.347,83.6665,44.7412,28.1238,89.0177,159.341,0.0215797508502178,7.63734,0.123297259,0.002266066,0.103513886,208.0
CD86,1.0,0.513785376,0.882057,1.0428,0.375817,49.0947,0.0,0.525548,11.2185,1.66016,3.07599,-0.004599072805085,1818.59328,0.537654281,0.962700436,0.104993055,91.0
AGTR1,1.0,0.957427108,0.122864,5.07021,1.41271,0.0268202,5.57345,27.971,0.027845,2.31666,33.7001,0.0122348480682944,49.07123,0.733372629,0.007276251,0.090887843,279.5
P2RY12,1.0,0.525497627,5.05241,0.06816,0.157384,0.171978,0.063508,0.0873687,0.556374,0.255721,0.917003,0.0368139731227164,53.58581,0.510382354,0.107032258,0.135208414,41.0
NDUFB5,1.0,0.504706282,25.5527,34.2145,41.9153,37.7672,27.8477,14.0591,5.33955,26.438,34.1174,0.0192289323792094,325.1833464285713,0.167412758,0.003441089,0.103938374,32.0
PDE6B,1.0,0.504214202,12.8659,3.08543,0.584532,6.72946,0.146276,0.161019,1.04391,7.46304,0.529734,-0.0015304078503879,482.88245,0.337000817,1.63e-13,0.070060369,29.0
ADRA2C,1.0,0.501607037,23.7254,40.3104,3.2849,0.0554803,0.830276,0.326978,0.0435626,8.43704,3.57282,0.0359897100537815,2173.15437,0.734542012,0.645951821,0.105277509,297.7142857142857
GABRG1,1.0,0.500013929,13.2569,0.0136176,0.0,0.00587015,0.0,0.0249903,0.0,0.334866,0.02529,0.0177220329393575,45.46745,0.367896616,0.008474484,0.202839393,128.65714285714284
GABRA2,1.0,0.500038453,7.34167,1.78227,0.00920972,0.00238846,0.00904054,0.00534174,0.0,0.232723,0.0104125,-0.0224485949251002,19.24152,0.836621523,0.976963701,0.231571356,169.9857142857143
GABRA4,1.0,0.500021563,4.84024,0.0111525,1.28677,0.0121107,0.0,0.00398212,0.0,0.195034,0.00551529,-0.0035427907239761,2958.52439,0.774301469,0.981416569,0.199924984,56.0
GABRB1,1.0,0.500016254,1.74399,0.0510353,0.263228,0.0,0.0,0.0,0.0,0.162304,0.0,-0.0083457289157073,31.23713,0.774301469,0.977782833,0.231387138,77.0
PDGFRA,1.0,0.503108559,6.12708,16.3693,5.56887,0.109071,164.198,4.43704,0.0882629,12.3471,20.4762,0.0008396473974435,599.71226,0.852899194,0.99987673,0.224576835,442.0
KIT,1.0,0.599071915,5.08975,6.79357,0.631595,0.151229,0.144297,0.383842,0.245751,5.75577,0.47355,-0.0075685694999522,213.06132,0.850708902,0.999879541,0.225086996,358.0
KDR,1.0,0.51041698,4.63236,12.9215,10.8258,0.0429056,2.35891,3.36219,0.0467956,4.32565,16.0585,0.020028092073165,2242.88737,0.747131348,0.984488112,0.275229532,364.0
GNRHR,1.0,0.502028707,0.0888862,0.213956,0.0263973,0.415014,0.212453,0.0583892,0.0,0.164549,0.15104,0.0026764152034082,24.68684,0.144167379,0.013968045,0.078690026,57.957142857142856
ENPEP,1.0,0.505083043,0.50682,8.95903,2.34685,0.0277893,4.96784,7.64637,0.0133005,0.500692,2.15081,-0.0070579933751076,422.73046,0.349588096,3.58e-19,0.198518648,146.0
PDE5A,1.0,0.528500469,1.15901,3.02611,1.96261,0.470755,2.66429,0.44053,0.593762,7.18509,4.4193,0.0202290063834664,426.62286,0.640711069,0.003390906,0.054433199,108.0
NDUFC1,1.0,0.504362665,41.0697,74.9475,84.0228,46.0925,44.2443,26.3507,8.27827,83.4937,71.2905,-0.0035603304614238,20.04544,0.145488262,0.459572169,0.090943787,150.0
NR3C2,1.0,0.957427108,4.24104,7.36949,3.10129,0.0854649,0.312525,2.63238,0.359114,8.04235,4.2085,0.0103957377887333,128.61669,0.636465311,0.925088553,0.092308104,482.0
GUCY1A1,1.0,0.957427108,18.946219999999993,26.10436428571428,130.82353999999998,41.1123145142857,32.96893208571429,33.45549695714285,14.873217357142858,28.795959,649.8998432571428,0.025394805019942,327.96901614285696,0.5128023543857145,0.25001873657142853,0.052540639,416.3285714285714
GUCY1B1,1.0,0.860530396,19.61467142857142,23.532989571428562,50.85530999999999,39.87225471857142,30.45300857142859,15.364729999999996,13.363061785714281,23.033053714285717,31.095835714285716,0.0085235709408767,325.1736429999999,0.5777338595000001,0.24892925198571433,0.069955147,181.31428571428572
GRIA2,1.0,0.500652555,22.2557,0.0435952,0.014429,0.0147799,0.0161357,0.0112696,0.0125593,1.308,0.217272,0.0081699896219562,32.84712,0.816502929,0.99550949,0.28752322,73.0
RXFP1,1.0,0.503893267,0.364207,0.622088,0.00716136,0.0048947,1.99757,0.590559,0.0,0.365401,2.65543,-0.0074708373393942,98.63757,0.392636538,3.07e-07,0.078410808,145.0
MTNR1A,1.0,0.501551205,0.0,0.0257982,0.0,0.0,0.0,0.0,0.0,1.47959,0.0,0.0053830563825385,210.0956,0.501750886,0.003032392,0.080198372,60.42857142857143
NDUFS6,1.0,0.541414714,35.5524,69.5719,98.6259,70.0588,66.8153,40.435,17.7461,81.4447,44.8182,-0.0278884398201501,19.92703,0.177065939,0.000262201,0.066262838,60.0
NDUFS4,1.0,0.504616946,40.2618,84.0131,83.1836,94.4994,115.761,35.4779,6.44782,59.1914,69.7989,-0.0528091796033086,31.58455,0.204349279,0.004164996,0.075711378,250.0
IL6ST,1.0,0.502743255,28.5313,34.0357,17.6663,20.4658,214.043,33.9688,6.45422,20.8739,64.8845,-0.0071555399221706,3018.2823,0.751994193,0.997842778,0.222816068,229.0
PDE4D,1.0,0.453517388,1.04822,3.10792,2.69194,1.09279,8.53553,0.471151,2.54219,1.35741,0.430046,-0.0138279499082969,15.63977,0.786468923,0.983199686,0.137479315,2431.0
NDUFAF2,1.0,0.501241881,17.3854,23.4937,17.9941,34.8433,65.3496,9.34685,1.85818,34.5848,24.5612,0.0090192004425604,12.55307,0.150240377,3.86e-07,0.067467745,193.0
HMGCR,1.0,0.505714458,8.64789,11.4915,2.63354,66.1478,25.6463,13.3229,7.94287,26.3421,42.4403,0.0071295229426845,48.92052,0.782960892,0.999836645,0.091605832,32.0
PDE8B,1.0,0.957427108,14.2074,9.30213,0.686298,0.690089,1.18919,0.934934,0.17499,4.2298,1.89881,0.0024470036430518,135.71543,0.748882174,0.986862336,0.051636578,86.0
NDUFA2,1.0,0.504575901,43.7723,66.4913,51.5371,83.4268,50.434,39.1901,25.2147,79.8628,70.5451,-0.0051734014533134,11.36697,0.432313383,0.339536516,0.070950359,82.0
NR3C1,1.0,0.957427108,5.74078,8.16735,5.25356,55.2542,33.5869,8.88459,9.67008,9.46285,6.20496,-0.0336084911786424,135.29579,0.743477643,0.311618466,0.169293528,296.0
PDE6A,1.0,0.504197548,0.0428457,0.0206293,0.0444685,0.0439051,0.0444273,0.0103294,0.00765115,4.58007,0.815833,0.0106233633647721,881.28278,0.322202206,6.61e-12,0.070320596,425.0
CSF1R,1.0,0.514230672,7.48229,11.8435,4.05245,0.972707,0.454524,2.50063,29.539,5.80411,25.4825,-0.0577128027792199,987.59415,0.699105442,0.993497648,0.157969228,171.0
PDGFRB,1.0,0.548193261,18.9154,40.2554,38.2258,1.00326,256.807,7.59673,1.04781,35.3674,32.6843,-0.0591525183925722,403.35243,0.789748371,0.998643466,0.340192738,393.0
GLRA1,1.0,0.500086113,0.131021,0.019484,0.0,0.025818,0.0262678,0.0,0.0,0.0753694,0.0258022,0.0203268296323355,149.47271,0.52841568,0.076492455,0.344473545,50.0
GRIA1,1.0,0.503966772,14.8852,0.0853696,0.0613411,0.342437,9.6631,0.0217742,0.0108533,1.32566,0.317547,-0.0021730585799641,947.1656,0.852899194,0.999436341,0.560585168,210.0
ADRA1B,1.0,0.812914654,1.06493,0.757968,1.04637,0.0557477,5.5013,8.02553,0.0,0.704627,2.20071,-0.037308453031616,27.75985,0.666467905,0.182479135,0.120116413,268.0
GABRB2,1.0,0.500032075,5.53143,0.191838,0.0153637,0.0813841,0.0,0.00592855,0.00502557,0.511684,0.997531,-0.036606807121507,15.77729,0.850637853,0.94029923,0.232849646,6.0
GABRA6,1.0,0.500038453,0.148587,0.0185592,0.0,0.0,0.0,0.0,0.0,0.898679,0.0,-0.0195304843304361,678.61776,0.449230373,9.42e-08,0.20382193,10.0
GABRA1,1.0,0.500052425,4.06214,0.0,0.00231051,0.0078086,0.0,0.0,0.0,0.169509,0.0139825,0.0103759828247704,14.94107,0.800036311,0.963866035,0.255648214,214.45714285714286
GABRG2,1.0,0.500684456,2.3547,0.00155258,0.00156625,0.00318674,0.0,0.0,0.0,0.157625,0.0113331,-0.0039488082178566,16.67966,0.767620981,0.958543398,0.254442121,98.44285714285714
GABRP,1.0,0.500013732,0.0123945,1.2969,0.158938,0.0227333,0.020655,0.455753,0.0081226,0.0828543,0.0604011,0.0170045175762294,2449.21042,0.459108144,9.63e-06,0.138464631,44.0
DRD1,1.0,0.503868352,22.4999,0.769099,0.00978848,0.0,0.0,0.260603,0.0,0.0971598,0.347318,-0.0330429548582013,30.11978,0.80871886,0.89643155,0.138087075,148.34285714285716
FLT4,1.0,0.502628244,6.08911,21.0279,4.66467,0.0718917,0.0769828,4.15037,0.578054,8.66822,13.5567,0.006876303939432,835.41804,0.8223508,0.999936679,0.121076197,542.0
TUBB2A,1.0,0.502440721,70.2969,15.5805,5.33213,14.7166,44.9308,14.9983,4.78464,7.7674,4.92197,0.0385474096122388,2.40691,0.4388350882142857,0.26416837168571927,0.106370134,69.0
TUBB2B,1.0,0.502393181,178.057,11.2482,0.76537,15.8337,1.91856,0.754532,0.1931,1.5618,0.739587,0.0330333086892895,330.74820028571435,0.5517915700714282,0.2257234117511758,0.090010045,7.0
TUBB,1.0,0.0,73.4415,128.946,88.4642,1285.7,891.788,105.387,75.9459,129.46,151.495,0.0081566439502718,322.18104271428575,0.675177455,0.875276521,0.226483398,50.0
TNF,1.0,0.510520299,0.0973808,0.863079,0.432489,133.014,0.129002,0.304562,4.5664,0.173506,0.742848,-0.0018003002294694,15.40629,0.462009788,0.27282919,0.175564397,22.0
BRD2,1.0,0.494209116,37.7612,101.947,31.412,148.857,100.876,49.613,67.5286,175.572,92.3797,0.0075166581546812,1065.99604,0.422697425,0.99953088,0.076524065,473.0
GLP1R,1.0,0.503871177,0.242459,0.063177,0.589777,0.0,0.0,0.0,0.0180798,0.771503,0.0313778,-0.0124937225333975,2392.4607,0.645917118,0.064078049,0.09224389,24.0
SLC29A1,1.0,0.501070226,7.94362,44.7699,61.1793,60.0433,28.6195,25.3028,6.73436,32.4891,117.559,0.0084088845964968,81.44022,0.517733872,0.964281535,0.131781247,80.0
CNR1,1.0,0.0,11.9745,0.101085,0.178723,3.85126,26.9195,0.0637954,0.162268,1.74269,5.98209,0.0070054047524501,11.91527,0.609206319,0.155072222,0.120962799,74.0
NDUFAF4,1.0,0.500014406,12.1913,16.7565,20.0034,19.8817,13.5196,7.79949,1.46479,11.1835,11.6498,0.0224755224673675,14.54287,0.217423826,0.382015185,0.070953337,57.0
GRIK2,1.0,0.500316944,5.521,0.431115,0.470023,0.00898118,0.45521,0.0539594,0.00382258,1.24576,0.236127,0.0072983021731398,129.48869,0.748882174,0.994567954,0.226462513,131.0
PDE7B,1.0,0.501286171,11.1378,5.93402,2.91106,0.0292788,10.9969,1.28813,0.0479097,1.83188,2.49925,0.0308589275859834,81.71899,0.707306206,0.946452269,0.052631346,414.0
MAP3K5,1.0,0.505256361,19.1523,9.42961,8.43201,52.6805,13.3121,5.51364,15.867,17.5887,137.493,0.0014362278032252,272.93273,0.75617367,0.995107743,0.107149069,585.0
ESR1,1.0,0.514240382,0.0901297,0.764026,0.305118,0.112573,0.322275,3.52714,0.109503,2.73794,1.06957,-0.0199003924463833,148.46269,0.762403488,0.987167021,0.251877542,431.0
OPRM1,1.0,0.501552011,0.0112353,0.0,0.0,0.0,0.0,0.0,0.0,2.53345,0.0,0.0302284808693701,2304.1461,0.45271197,4.21e-05,0.345982699,57.0
MAS1,1.0,0.500007202,0.00203278,0.003668,0.00236126,0.00950929,0.00273855,0.00300617,0.00273438,0.0994232,0.00323127,0.0364765668100174,31.19407,0.310480386,0.000870823,0.088748004,42.642857142857146
PDE10A,1.0,0.504256258,11.0251,1.32199,1.3565,0.0121974,0.0426472,0.149176,0.00485294,4.75542,0.758606,-0.0194060879921379,48.90667,0.80871886,0.998485351,0.080656714,632.0
NDUFA4,1.0,0.504941965,169.397,205.341,353.878,129.041,126.332,71.1373,15.6268,52.8486,119.332,-0.0292825803943117,6.83162,0.266798615,0.480021717,0.086055881,42.0
PDE1C,1.0,0.504232278,6.709,0.944153,14.4118,0.260814,0.284714,0.0278765,0.00939467,3.23729,0.522959,0.0040268806121043,247.32468,0.553302944,0.000270704,0.053038083,1358.0
INHBA,1.0,0.544890817,0.555035,2.17162,0.379085,0.160736,17.0604,2.17683,0.129451,1.1053,0.539911,0.0106236598479881,23.87044,0.799537539,0.55627974,0.104298679,25.0
NPC1L1,1.0,0.526135633,0.0945915,0.282881,0.0752615,0.0612504,0.0369913,30.4785,0.024675,2.85873,0.111559,0.001998002662673,380.20775,0.421328872,1.37e-10,0.104543573,8.0
DDC,1.0,0.816284141,0.622961,13.9021,0.0,0.0105737,0.0,13.508,0.0,2.87483,0.4961,0.0225488414814071,385.01199,0.391016632,4.61e-05,0.106977243,479.0
PDK4,1.0,0.500184272,24.3646,34.685,165.401,0.764625,2.73395,47.2726,4.67501,21.2745,287.7,-0.0192551191818984,125.8487,0.442774057,4.55e-06,0.065822336,13.0
CYP3A5,1.0,0.957427108,0.115422,2.24725,0.120449,0.316664,0.738566,155.853,0.087002,0.492246,16.2047,0.0003899239697671,283.75653,0.111908376,5.21e-11,0.07993679,279.12857142857143
CYP3A7,1.0,0.504453853,0.0,0.307448,0.0,0.102803,0.123074,24.5131,0.0,0.132517,0.340822,0.0049178873439504,37.42706,0.111908376,2.93e-07,0.070358019,6.0
CYP3A4,1.0,0.553485978,0.0310943,0.125548,0.0459161,0.362847,0.0266298,335.297,0.0501182,1.03258,1.00762,-0.0125271379708264,83.02614,0.208788425,2.82e-07,0.105231499,180.17142857142858
CYP3A43,1.0,0.0,0.0924997,0.174713,0.0352821,0.0229479,0.0,4.28768,0.0,1.76627,0.048066,0.0105957399224042,2984.14721,0.111908376,1.47e-10,0.070358019,71.54285714285714
NDUFA5,1.0,0.504814576,23.1342,26.9479,29.4724,19.7789,15.7018,11.0885,0.935763,18.3455,28.6432,0.054222997488506,2.068,0.276369214,0.173963053,0.065270329,136.0
IMPDH1,1.0,0.504571451,18.2575,19.9308,12.3986,39.2386,82.8179,3.48886,172.497,39.6768,21.4723,5.99982000719457e-05,74.88549,0.589421332,0.005811859,0.134091962,115.0
TBXAS1,1.0,0.512074426,1.19344,2.62502,0.659106,6.51863,1.75664,1.19544,68.2976,0.776377,5.05531,0.0132616739831852,946.51884,0.169639766,1.37e-08,0.070643979,269.0
NDUFB2,1.0,0.504383482,40.5829,69.6801,68.8873,37.8399,48.9038,24.9011,6.98716,38.4706,37.6343,0.0104551539036167,27.26479,0.19806622,0.011815067,0.06799654,49.0
BRAF,1.0,0.484884031,5.07641,9.11994,3.30936,16.3174,10.5259,3.53033,5.53119,20.2773,6.02665,-0.0103119862425954,63.2093,0.843373597,0.999978196,0.098445778,252.0
MGAM,1.0,0.504602132,0.100002,0.534414,0.112877,0.0150479,0.294892,0.243044,43.1291,1.83839,0.0637054,0.0054401323336451,6504.31939,0.431424886,1.55e-23,0.121631664,176.88571428571427
ADRA1A,1.0,0.930627006,0.503853,0.118917,2.26989,0.00583683,0.0668374,14.1384,0.0049695,0.947399,0.0635173,-0.0039995509950203,652.0538,0.400172532,4.17e-07,0.155057478,67.08571428571429
ADRB3,1.0,0.503861356,0.0227073,0.114081,0.00814014,0.0,0.0,0.0,0.0,0.0951587,0.0302042,0.0229447444950975,894.55022,0.644970655,0.323569934,0.094238999,17.0
IKBKB,1.0,0.507209396,8.34967,21.2834,6.26538,39.5747,24.4989,10.019,18.4896,23.1647,28.3339,-0.0549378223556687,247.23048,0.764716923,0.998786699,0.13734071,157.0
PDE7A,1.0,0.501294675,3.8295,4.39629,18.4281,47.0633,7.13928,1.97237,11.3513,9.11761,2.17097,-0.0115414248119226,474.4538,0.505607247,0.192057714,0.05262641,189.0
TRPA1,1.0,0.500709972,0.0,0.0219768,0.012437,0.231899,7.88354,0.00958074,0.0,0.48759,0.0361614,-0.0081571795104153,3070.92102,0.275012761,9.969999999999999e-23,0.081148202,402.04285714285714
CA1,1.0,0.500071494,0.0837388,0.121501,0.0602515,0.01995,0.0196679,0.302695,40.0117,0.0962344,0.0917205,-0.0025046950097329,275.69616,0.170125708,3.77e-05,0.070723215,84.47142857142858
CA2,1.0,0.518017493,99.4657,134.868,7.65504,9.16539,0.266046,64.1702,14.3039,80.8488,8.26274,-0.0035098383909935,163.06398,0.70809263,0.100369923,0.176374844,193.42857142857142
NDUFB9,1.0,0.504633528,99.5488,137.996,188.245,95.5129,97.7711,73.8895,36.7843,159.193,74.0595,0.0034627694985527,50.03574,0.266798615,0.042889447,0.077141594,166.0
KCNK9,1.0,0.507825718,0.305788,0.0934417,0.00809411,0.0590834,0.0,0.0,0.0,0.177921,0.217494,-0.0100420170674851,5.61975,0.565498233,0.126993746,0.08159563,7.0
PTK2,1.0,0.534940977,17.5831,16.1167,6.46435,4.27313,18.132,4.4045,0.467931,25.5739,19.5383,0.0015487950053143,55.1779,0.748882174,0.999992958,0.28606278,1204.0
CYP11B1,1.0,0.957427108,0.044478,0.158683,0.0369693,0.0788225,0.0330097,0.19893,0.0546892,6.4103,4787.34,0.0143170205947931,350.77826,0.132359073,0.001433932,0.067467745,300.57142857142856
NDUFB6,1.0,0.504492248,43.1679,65.4891,74.4265,61.9735,67.9266,32.2813,19.1299,85.1907,49.8136,0.024058265093071,19.40679,0.170952082,0.047218448,0.114624847,51.0
GRIN3A,1.0,0.500638304,0.132131,0.114115,0.274977,0.177726,0.0895225,0.142503,0.133259,0.792844,0.158815,0.0062504253295129,9121.93484,0.752856195,0.123333065,0.201698591,90.88571428571429
C5,1.0,0.501546372,2.05119,2.76091,0.488184,1.49355,4.57562,121.076,0.54407,3.55641,2.57662,-0.0096779181932024,5639.16587,0.419828743,5.61e-11,0.091561735,111.0
NDUFA8,1.0,0.504679019,117.971,92.5435,220.338,109.95,115.317,39.498,16.2745,204.327,97.0433,0.01750839722061,28.71647,0.266798615,0.202476373,0.086076085,269.0
PTGS1,1.0,0.719939835,0.81524,9.02674,1.63761,3.86299,146.559,0.877231,13.751,1.04547,2.13217,0.0327769195139371,550.09831,0.516918957,6.41e-06,0.118148262,318.0
ABL1,1.0,0.510306812,16.6594,26.7002,15.813,30.6017,91.4055,9.22794,4.05744,31.4648,31.417,0.0222995067296622,164.30123,0.824708164,0.999882701,0.3744112,691.0
DBH,1.0,0.651169479,0.181733,1.99861,0.0750432,0.0687099,0.181602,23.5694,0.0903968,0.659191,2.85355,-0.0024309523718741,637.88987,0.390099078,2.54e-06,0.279666753,30.0
BRD3,1.0,0.500036825,6.14949,6.72338,4.57336,10.0827,15.0735,5.10397,3.50077,20.4952,12.6078,0.0281863667036137,163.3189,0.72829324,0.766979379,0.054433199,183.0
GRIN1,1.0,0.501548377,74.0141,0.0726288,0.0359974,0.398824,0.0426342,0.032847,0.0325696,1.92196,0.0480366,0.005703574341765,4.30815,0.850433767,0.972708946,0.484257701,18.0
TUBB4B,1.0,0.504184049,81.9653,160.308,240.29,355.321,702.965,83.1303,99.1309,1825.87,140.552,0.0233989187830392,325.52497999999997,0.564779878,0.929541174,0.200148736,106.0
RET,1.0,0.957427108,0.422487,0.652675,0.312384,0.0360053,0.0580689,0.823939,0.113555,3.25417,1.17234,0.0105883399560928,1155.10498,0.806311309,0.999889044,0.286525404,473.0
ALOX5,1.0,0.502160366,1.42176,2.25679,2.48032,70.5178,0.0487178,2.81922,284.285,4.34783,9.25928,0.0021776092762152,89.21156,0.679628551,0.001644393,0.191053556,122.0
PDE6C,1.0,0.504148972,0.21118,0.275326,0.108601,0.186514,0.2073,0.202267,0.0484162,0.631568,0.215528,-0.0076763882215181,3123.84709,0.492040008,7.42e-08,0.052540639,37.0
NDUFB8,1.0,0.504480673,177.011,166.957,162.655,202.156,141.173,89.6958,49.4307,80.8093,136.031,0.000309951909959,48.6425,0.163354397,0.35052858,0.116182099,71.0
ADRA2A,1.0,0.923935029,0.322819,5.50944,0.573189,0.0495699,0.138718,0.539526,0.140649,12.744,1.93474,0.0311528747410323,204.06999,0.6584306722428575,0.3826173724414286,0.105636967,23.0
KCNK18,1.0,0.500009906,0.0283826,0.0,0.0,0.0,0.0,0.0,0.0,0.154866,0.0,0.0117753969695509,146.92457,0.146139458,0.000349561,0.068006116,7.0
SLC18A2,1.0,0.504284236,0.0454996,0.214597,0.101483,0.0965002,0.120855,0.201968,0.203325,1.42432,0.232622,-0.0132281068965661,38.56305,0.829628229,0.971755219,0.138064637,139.15714285714284
TH,1.0,0.530938411,0.797791,0.427995,0.0343506,0.0138184,0.0,0.362574,0.0,1.30405,4.16756,0.002407100607423,2945.63638,0.792615056,0.004098744,0.279506442,174.0
PDE3B,1.0,0.503885998,0.676996,0.566117,0.937207,2.01144,0.0980678,5.56019,3.43539,7.62595,0.316277,0.0234039777790161,220.4717,0.694493771,0.00361647,0.119832034,52.0
ABCC8,1.0,0.537333194,6.88981,0.739279,0.967023,0.0179703,0.0113234,0.0836391,0.0134976,1.04186,0.374595,0.0017383958245992,407.27264,0.771454096,3.94e-15,0.08914801,98.0
TPH1,1.0,0.509690627,0.215874,0.77951,0.12823,0.441175,0.308937,0.135794,0.0610976,1.87712,0.220301,0.0121607572368447,150.71244,0.369415909,2.67e-05,0.069885655,5.0
F2,1.0,0.516528718,0.122202,0.0408405,0.060409,0.0281983,0.0314615,599.629,0.0727988,1.38948,0.0388778,-0.0069511394515587,1350.01732,0.634786546,0.959943188,0.155963167,56.0
NDUFS3,1.0,0.504860922,68.7925,57.1115,61.7201,62.5508,49.0399,28.5577,13.2736,48.6447,54.8533,0.015709750131486,27.09868,0.320700407,0.047137034,0.116013336,31.0
CHRM1,1.0,0.503083777,21.436,0.0882214,0.0238667,0.0129208,0.0214162,0.00964019,0.0116904,0.177064,0.0699256,-0.01289174256625,12.14409,0.70702368,0.931378497,0.176944408,67.0
SLC22A12,1.0,0.51419713,0.00637589,12.4287,0.0,0.0,0.0,0.0270349,0.0,0.133443,0.00968297,-0.0041676726953459,97.64363,0.146139458,4.9e-06,0.106438696,76.01428571428572
NDUFV1,1.0,0.504625402,95.6529,179.335,236.287,233.99,136.545,106.892,41.4689,164.94,150.243,0.0393312830272747,55.6395,0.345856816,9.83e-05,0.105407354,12.0
NDUFS8,1.0,0.504609196,62.2478,82.9207,104.02,56.6535,66.0158,37.6134,20.4293,87.5152,151.729,-0.0124498009530909,13.23411,0.216578513,0.014174502,0.091292902,68.0
PDE2A,1.0,0.531925324,36.3214,13.5683,8.60099,0.132844,0.207386,4.74434,0.745161,8.4564,26.9135,-0.0099058979131152,357.59713,0.75617367,0.988417593,0.214518704,153.0
NDUFC2,1.0,0.504439374,40.7404,46.8273,36.1161,44.803,65.1243,43.4892,12.637,50.6606,98.4299,-0.0025637949191491,4.63842,0.163881958,0.625235914,0.137527907,122.0
MTNR1B,1.0,0.501552105,0.0,0.0,0.0,0.0,0.0,0.0,0.0,0.658488,0.0,0.0036732453662959,324.5184,0.501750886,0.00870273,0.068017424,65.84285714285714
GRIA4,1.0,0.500726672,3.11684,0.0241189,0.0200591,0.0342633,0.0200325,0.0106298,0.00499629,0.188926,0.0588607,0.0127187724077746,39.34342,0.749501348,0.98874921,0.159237608,170.0
GUCY1A2,1.0,0.504150171,3.92721,0.691264,1.59885,0.00686294,0.295071,0.339026,0.00443843,1.18831,1.41983,-0.0072451830669726,25.81831,0.745749354,0.377257493,0.11659856688571431,72.0
GRIK4,1.0,0.500026821,4.48047,0.2765,0.0191375,0.396466,0.00540394,0.0227414,0.0682486,2.06455,1.8747,-0.0183439797153875,476.06358,0.622939706,0.630846158,0.134330582,513.0
NDUFA9,1.0,0.504387296,7.03169,14.8796,24.571,25.2306,14.7099,7.9681,3.97956,9.25965,13.0781,0.0062409954113626,156.86301,0.3769328,0.542744184,0.111476994,37.0
SCNN1A,1.0,0.816284141,0.0667017,137.437,0.128439,0.109909,1.114,3.39459,0.490902,7.12702,9.6093,-0.015187752231581,2083.23781,0.594703972,9.4e-06,0.203287218,162.0
GRIN2B,1.0,0.501585956,2.3078,0.0318961,0.00293746,0.00334462,0.00761008,0.0164392,0.00164657,0.631728,0.00744376,-0.0022254745324372,41.83799,0.778094649,0.999994896,0.221813015,296.5857142857143
PDE6H,1.0,0.504193183,0.370624,0.0445165,0.0,0.0729831,0.0,0.0,0.416432,0.138646,0.190117,-0.0138332395956939,11.63033,0.397666126,0.006528713,0.08903919810000002,46.0
PDE3A,1.0,0.957427108,1.25271,3.90782,30.7248,0.0277649,1.20246,0.732066,0.0593866,0.91261,0.662657,0.0098711197952629,1899.16799,0.746229529,0.106612096,0.07026291,1039.0
KCNJ8,1.0,0.927008615,4.3802,11.6935,40.1571,0.0426956,20.5191,26.2841,0.0642899,1.79415,21.6347,0.0146986757695891,143.49708,0.817779899,0.256769968,0.120557496,297.51428571428573
VDR,1.0,0.959358571,0.036067,3.30652,0.178733,7.89811,21.3092,0.334088,7.33678,1.51429,11.7527,-0.0251352614719955,55.75589,0.786468923,0.392125212,0.103577578,161.0
SCN8A,1.0,0.517776359,4.2133,0.326159,0.0757611,0.0249006,8.09553,1.40935,0.0781171,2.57787,0.509784,0.0015529245816415,100.07778,0.680501699,0.99999829,0.139527258,270.0
PDE1B,1.0,0.504235496,166.602,5.61569,2.47265,4.44733,0.124622,0.76794,7.00806,4.78424,3.10136,-0.0250921924117563,30.45684,0.774626613,0.946737284,0.06996536,27.0
NDUFA4L2,1.0,0.0,26.2632,37.7916,40.8162,1.31248,19.1634,3.41077,0.208393,10.3885,7.05676,-0.0161361610600904,11.78619,0.277824163,0.014252375,0.053062895,7.0
AVPR1A,1.0,0.806737817,0.0680489,1.08614,0.956415,0.0273869,0.0281945,9.97207,0.0387486,0.706631,35.5012,0.0317046849430852,360.41032,0.388514519,1.29e-05,0.080074988,29.0
NDUFA12,1.0,0.504419265,32.2575,42.9839,78.0964,66.9428,48.5619,18.4898,13.1335,35.8515,37.7535,-0.0157341348470518,10.36158,0.218234867,0.002015993,0.104095731,331.0
PAH,1.0,0.505256274,0.3731,6.36514,0.0,0.0795956,0.0,252.492,0.014856,4.41485,2.95855,-0.0084267354241351,115.70583,0.527515531,1.2e-10,0.051636578,8.0
FLT3,1.0,0.506999787,0.102798,0.0196975,0.0596041,0.494588,0.0,0.0811088,3.43483,2.77523,0.197492,0.0049875415110389,3420.34408,0.696868777,0.609047701,0.17404162,129.0
FLT1,1.0,0.528331768,10.0458,11.8077,12.6014,2.56608,2.661,2.07297,0.288592,9.35455,5.19348,0.0035337489481387,121.53409,0.75617367,0.997806027,0.160982661,455.0
RXFP2,1.0,0.503870828,0.148846,0.0,0.0,0.0,0.0411932,0.0,0.0497954,0.524613,0.243699,-0.0238307091358918,1150.99694,0.279577017,2.94e-08,0.090887843,249.0
GUCY1B2,1.0,0.0,0.026114,0.549926,0.0132151,0.00770805,0.0,0.0237547,0.00723963,0.375381,0.0474292,0.0104947370926416,319.44805042857155,0.24608066575714288,0.02571583868747399,0.11254640194285719,61.0
EDNRB,1.0,0.855397621,35.772,23.2031,11.8732,0.156333,3.9055,8.7499,0.499284,2.93654,24.8536,0.0018183458067835,99.96482,0.76138556,0.019361522,0.094085815,85.0
F10,1.0,0.514374265,1.21289,2.79672,3.45268,0.138232,11.7325,73.3792,0.0495141,15.7956,7.52247,-0.0011316448760336,103.8517,0.644672155,0.160510707,0.122194341,52.0
PARP2,1.0,0.503452918,17.4575,16.3994,9.58896,43.5733,22.2142,9.96377,1.97794,45.7718,24.4428,0.0086822003828339,419.3216,0.532014966,2.1e-07,0.073377661,111.0
PTGER2,1.0,0.930627006,0.130593,5.18348,0.243543,0.659814,54.8665,0.774575,24.6543,3.58141,1.08742,0.0078590367102672,40.90294,0.515755296,0.105022888,0.078859939,53.0
ESR2,1.0,0.796374601,0.0501066,1.08199,0.195191,2.26057,0.0343007,0.161012,0.262009,3.85063,3.55883,-0.0176386503840424,97.48684,0.563732088,5.15e-08,0.089629696,371.0
KCNK10,1.0,0.0,2.16987,0.168321,0.00957653,0.0228955,0.0,0.00713295,0.00706485,1.09841,0.0272705,0.0385377877050807,644.73304,0.646386564,0.007579692,0.0682285,137.0
NDUFB1,1.0,0.504333362,67.4154,104.42,120.332,82.2212,68.4728,50.1685,11.5454,43.8963,83.6096,0.0291412393461364,10.56417,0.153042644,0.311678003,0.104218158,236.0
GABRB3,1.0,0.500032093,6.86965,1.05411,0.178369,0.00941936,0.318395,0.147216,0.0052848,2.24269,0.408823,0.0130149366390569,2410.54465,0.80798018,0.99707396,0.177961972,23.0
GABRA5,1.0,0.50003658,11.7411,0.0300227,0.00962073,0.00776502,0.0775963,0.0222424,0.0,0.749074,0.00743931,0.0144254510638609,61.82121,0.767620981,0.951529195,0.319677044,156.55714285714285
GABRG3,1.0,0.500011574,0.465309,0.0746319,0.0,0.0,0.0,0.00375467,0.0,1.8874,0.00416581,-0.0007052490219159,47.84861,0.80871886,0.993679844,0.203157961,28.0
NDUFAF1,1.0,0.503951967,14.3683,18.7641,22.7639,28.3239,34.5245,16.8776,9.33317,40.4543,37.6666,-0.0252082184928543,1855.29644,0.240975097,0.00389629,0.088881579,45.0
SLC12A1,1.0,0.850563453,0.164367,374.901,0.0,0.00879148,0.0114447,0.0236035,0.0119736,0.679808,0.146787,0.0134074368172972,503.21659,0.650952637,2.65e-07,0.104781052,46.0
CYP19A1,1.0,0.785288765,0.0155482,0.0273807,0.060147,0.0665872,7.60643,0.00627946,0.156842,2.67041,0.353801,-0.0046910816743289,1191.76708,0.322202206,0.00055961,0.080195092,214.0
CA12,1.0,0.0,25.2907,105.491,0.0893567,0.116712,63.9688,0.140044,0.221276,1.17056,0.158418,0.0022175394409545,40.85482,0.196595117,9.91e-09,0.070285088,295.0
CHRNA3,1.0,0.500800387,0.709806,0.110417,0.0670321,0.284571,0.0464428,0.00571161,0.00586167,2.15908,0.38753,-0.002701157759078,115.42015,0.390099078,0.007061638,0.257892317,28.0
CHRNB4,1.0,0.500802069,0.0505334,0.086073,0.0,0.00853215,0.0,0.00688639,0.0,11.1055,0.303716,0.0076109630013351,550.72501,0.282110006,0.018626609,0.203626675,82.0
PDE8A,1.0,0.0,20.4414,22.986,8.45232,28.6723,24.4503,20.1172,2.68188,30.097,34.6952,-0.0076421268069214,317.57217,0.650558949,0.713477057,0.071959201,818.0
NDUFB10,1.0,0.504856016,122.782,166.033,333.586,138.357,194.183,94.6416,68.0722,166.737,127.586,0.0117753881790317,20.73017,0.239817828,0.046629914,0.06607077,61.0
GRIN2A,1.0,0.501589068,2.56965,0.20105,0.2898,0.0567163,0.0095719,0.0152228,0.00301837,1.43504,0.0244027,0.0081366349823518,119.73741,0.843373597,0.998044808,0.282267688,569.0
NDUFAB1,1.0,0.504470067,39.1326,63.4478,158.701,104.033,59.5629,43.7203,9.29395,56.9655,65.8298,-0.0164758694897855,9.57874,0.550109684,0.755255332,0.127027129,73.0
VKORC1,1.0,0.500718076,32.5583,96.1636,32.5123,97.3414,306.698,244.214,41.865,97.4639,112.419,-0.0147955170116913,5.70432,0.139342904,0.081803076,0.079359216,56.0
SLC5A2,1.0,0.500515708,0.0490998,25.3299,0.0226988,0.0225156,0.0653703,0.0939777,0.141737,16.0326,0.0352909,-0.0067059307580111,83.6341,0.348058164,8.35e-11,0.08000848,17.0
SLC6A2,1.0,0.501640351,0.00412407,0.0868139,0.0,0.0,0.00813318,0.0514698,0.0,6.57083,0.260956,0.0213748810947813,192.60631,0.756070495,0.2771183,0.137548853,118.0
SLC12A3,1.0,0.887688063,0.038981,24.9413,0.0,0.348518,0.0,0.010241,0.031119,0.165843,0.00967003,-0.0010025023375894,1196.53825,0.250911236,5.54e-18,0.119781483,123.0
TUBB3,1.0,0.500072554,32.3642,2.96456,0.761237,0.658431,48.0179,0.135267,0.150437,45.8705,8.74397,-0.0093768253388985,8.39665,0.626313508,0.960789307,0.156063725,89.0
TRPV1,1.0,0.522065056,4.72289,8.60375,4.03039,4.20854,4.04518,14.0159,0.917951,11.2486,6.07906,0.0012990798789593,0.20313,0.146139458,5.64e-14,0.196630797,200.05714285714285
CHRNE,1.0,0.50010771,0.61921,0.851074,0.513306,0.502112,1.42958,4.62153,4.43742,8.79474,0.822323,0.0173486383346131,146.24216,0.414402038,0.0003479,0.137817386,87.0
CHRNB1,1.0,0.500111155,6.28496,8.1087,4.14626,9.51713,3.92235,7.79498,2.01193,4.33191,29.2805,0.0072154271500149,1354.17252,0.322640508,4.34e-06,0.120892867,62.0
ADORA2B,1.0,0.798769928,5.44684,0.90575,0.985767,0.36612,11.6443,0.261175,1.0522,3.06145,1.84249,-0.0094529057589458,449.84282,0.517467737,2.01e-05,0.078592804,57.0
SLC6A4,1.0,0.51041698,0.0746478,0.194622,0.0460676,1.77677,0.0461832,0.0419469,0.130236,0.688546,0.0889003,-0.0028661033530678,115.61782,0.761866033,0.854880095,0.156509966,46.0
PDK2,1.0,0.500469111,26.9966,19.4572,53.0541,3.9518,16.7422,14.8765,4.03639,20.1009,63.1919,0.0077895822748295,35.04029,0.799691498,0.168975525,0.100218235,27.0
CA4,1.0,0.500450343,5.21454,16.3461,9.74304,0.434169,0.045292,0.16907,36.1839,1.0863,0.452809,0.0069557525660058,99.7081,0.209607884,0.01080885,0.344252042,51.0
SCN4A,1.0,0.500010946,0.191714,1.42739,0.368663,0.287366,0.0243011,0.126272,0.0704897,4.53717,0.720292,-0.0004190883835123,461.6219,0.554481149,0.010441935,0.078679257,38.0
GRIN2C,1.0,0.501431206,23.6081,0.439419,0.343283,0.236414,0.12711,0.157368,0.149495,9.48994,2.81929,0.0168521091567003,2384.65773,0.752856195,0.003937648,0.135985542,13.0
NDUFV2,1.0,0.504623228,36.0296,82.218,111.358,138.145,80.28,99.0883,20.4194,67.9897,85.9969,0.013468885946964,352.83558,0.287445456,0.007630223,0.104239245,105.0
TUBB6,1.0,0.502397301,4.04126,21.428,34.3052,42.6704,314.44,3.94096,3.20088,30.3724,17.6127,-0.0032693384676709,6.24501,0.420088768,0.000511267,0.092624172,152.0
MC2R,1.0,0.50395519,0.0,0.012703,0.0,0.0,0.0,0.0,0.0,0.534793,44.5868,-0.0103453288546081,260.73178,0.266888589,0.057447457,0.079531016,104.35714285714286
ROCK1,1.0,0.54744979,3.91707,8.33926,5.98499,36.6853,43.1625,5.14433,8.89744,10.9698,10.787,0.0288789595503768,77.81309,0.717867792,0.999996548,0.254131136,105.0
GRIN3B,1.0,0.500635864,0.155531,1.39637,0.168224,0.291234,0.654457,0.19946,0.418847,2.31353,0.18171,0.0103561890756358,14513.3031,0.47189948,0.001113712,0.10575929,5.0
NDUFS7,1.0,0.504587583,35.3098,37.7209,64.3028,39.2883,30.0041,23.2142,16.9644,68.1904,35.724,-8.00586409350135e-06,1347.6338,0.69566071,0.750835829,0.12194603,20.0
TBXA2R,1.0,0.621686307,0.756337,4.76031,2.12833,0.233021,2.48224,3.68055,1.38851,1.29208,10.6455,-0.0080948471964763,164.53131,0.357783467,0.113768131,0.092573056,21.0
NDUFA11,1.0,0.504516482,22.3903,45.1853,43.6386,44.2277,49.9347,29.1863,14.2193,29.4739,59.6541,0.0251655972289016,709.05965,0.111908376,0.538189295,0.090509115,79.0
TUBB4A,1.0,0.504180077,168.278,0.61803,0.615413,2.55269,0.097527,0.206205,0.485339,80.0606,109.636,-0.0096169228791754,5.6735,0.500838995,0.003055663,0.177502803,124.37142857142857
INSR,1.0,0.505019648,6.1204,15.9292,17.1603,16.1545,7.83435,22.9703,1.44396,12.5475,28.0393,0.0066524850155723,141.47735,0.743839204,0.186547844,0.388304341,1023.0
NDUFA7,1.0,0.503898116,62.2457,67.5053,75.7609,124.52,88.6496,38.4386,22.6644,63.9555,86.5055,-0.0714283348215929,169.17891,0.146139458,0.004021957,0.088334097,240.0
PDE4A,1.0,0.0,8.26109,7.33943,5.92391,15.5605,16.4294,1.23723,5.28874,32.6212,6.29746,-0.0021913993626093,973.10156,0.710803688,0.976417636,0.121624721,102.0
KEAP1,1.0,0.510181404,21.3843,18.5452,22.615,36.7936,52.9517,21.2222,11.5759,31.1007,37.5018,0.0032646651767511,28.06422,0.764716923,0.251629058,0.152685426,51.0
NDUFB7,1.0,0.504444082,185.041,272.922,315.608,198.158,247.81,161.917,72.7177,232.432,223.148,0.0168649773318781,40.50571,0.231108725,0.045465922,0.086381541,82.0
BRD4,1.0,0.500066215,7.0751,18.73,10.2277,28.2132,22.2823,12.73,19.5028,34.6925,19.6762,0.0162866495626813,185.92351,0.831385493,0.999993446,0.088841418,89.0
PDE4C,1.0,0.503048469,1.13199,3.88782,1.09208,0.683587,0.188661,0.447421,0.0281276,3.79138,0.310148,-0.0066138231905181,2015.82594,0.522324622,4.89e-05,0.080689965,34.0
NDUFA13,1.0,0.504427405,125.895,143.676,190.772,130.172,132.248,68.7818,42.0651,261.469,102.769,0.0091628771573923,33.76885,0.1311391,0.000121027,0.145509975,21.0
ATP4A,1.0,0.505866392,0.024974,0.0414714,0.0137827,0.735696,0.0426088,0.0730883,0.0181685,2.01605,9.8269,0.007321796658221,110.04734,0.670620084,6.99e-08,0.080212625,27.0
ATP1A3,1.0,0.514424374,66.5724,0.0876592,91.5969,0.739531,0.225418,0.0888318,1.05626,86.0558,0.298362,0.0065683808780319,13.31894,0.774626613,0.999994323,0.227260605,7.0
GRIK5,1.0,0.508744279,17.2127,10.4276,1.09626,0.197888,0.189491,0.227091,0.286419,86.9284,0.510211,0.0152174440374971,136.49056,0.670620084,0.917779688,0.257681701,198.24285714285713
PTGIR,1.0,0.613182511,0.206653,10.4691,4.62543,13.2152,18.5545,4.45888,3.86995,0.42582,6.45686,0.0100691231319751,374.53887,0.439287335,0.001360202,0.0813685,213.0
GRIN2D,1.0,0.501462924,1.04296,0.356308,0.16909,0.313998,6.80052,0.132584,0.18225,2.87621,0.544408,-0.0263881492078415,114.71527,0.739532948,0.998648757,0.137368134,185.0
NDUFA3,1.0,0.0,50.4771,39.1403,49.3982,33.6626,27.4751,21.8556,15.9749,54.7617,34.904,-0.0154840850039369,26.31742,0.170125708,0.001385562,0.092299361,42.0
FKBP1A,1.0,0.514583774,148.35,148.273,61.4696,252.031,437.187,42.467,168.025,71.8195,152.16,-0.0072915186291219,323.89570228571426,0.345492452,0.678638213,0.176245526,64.0
ADRA1D,1.0,0.879913325,1.09745,0.346661,0.135794,0.0701199,0.158206,0.0391764,0.00861831,1.59672,0.456157,0.0009095862010189,229.7736,0.4612930996285714,0.018218634624637436,0.078963372,150.0
TUBB1,1.0,0.50239232,0.121385,0.30672,0.149269,0.753446,0.293367,0.308874,16.8904,3.45417,0.19676,-0.0009954953411034,2687.40184,0.724853635,7.17e-06,0.081519494,26.0
GRIK1,1.0,0.501245451,2.51794,0.0682132,0.028797,0.117723,0.0970965,0.0796374,0.0643809,1.09765,0.184106,0.0097027754613851,70.21802,0.602114379,3.21e-05,0.134330582,132.0
PDE9A,1.0,0.479453267,15.7196,31.1055,1.74062,0.843216,0.556561,2.04413,0.354185,3.91041,11.2569,-0.0007112528803724,56.76888,0.584971249,0.002017364,0.134768806,336.0
NDUFV3,1.0,0.504478703,8.76857,12.22,20.1303,12.4735,17.291,9.36851,4.38707,22.7126,12.5377,0.0012542121358024,649.37112,0.123297259,4.33e-09,0.088900142,129.0
BCR,1.0,0.501914237,33.776,20.722,5.32945,4.62689,10.2024,6.6559,8.87323,18.2948,11.3325,-0.0146026270775875,625.45504,0.816371083,0.999967225,0.140186992,511.0
ADORA2A,1.0,0.791021624,42.2193,12.4856,3.27929,32.2194,0.483644,4.53264,24.2612,4.38401,3.14497,0.0226808342230577,148.88112,0.57684207,0.331624356,0.257484172,126.0
NDUFA6,1.0,0.504284434,51.0833,116.491,137.047,92.7734,79.9014,45.2198,14.5671,56.7957,73.0322,0.0185763855729355,2105.13885,0.20847398,0.003259494,0.070136954,45.0
PPARA,1.0,0.79612825,3.80073,7.6299,7.88929,7.39506,8.84077,21.6444,0.710477,1.87334,8.06799,0.0307231726428405,2065.11731,0.824708164,0.463829864,0.074799703,57.0
ABCC9,0.0,0.884429274,1.78704,4.51777,8.40668,0.0393093,16.5493,8.69046,0.0161073,0.506314,2.63463,0.0187065056991978,117.11773,0.670620084,0.000700543,0.104257092,18.0
ACBD4,0.0,0.0,10.2432,14.827,3.57034,12.062,7.39814,41.5886,4.45746,7.19681,17.6493,-0.0120543627767446,139.59497,0.123297259,1.83e-05,0.11533643334285715,40.0
ACE,0.0,0.930627006,6.51267,2.02982,2.16295,0.157691,6.40418,0.520167,0.311329,112.341,3.1546,-0.0248003173538593,1006.9095,0.158249199,4.63e-18,0.160718086,16.0
ADRA2B,0.0,0.514240382,1.63074,5.71468,5.30276,0.209253,0.0129655,4.6432,0.0532733,3.12083,2.6396,0.0015672748783617226,62.69652,0.238498077,0.000244369,0.078963372,10.0
ADRB1,0.0,0.570663532,6.06605,1.20876,14.0945,0.6053,0.0147508,0.182195,0.0938949,1.23019,0.133087,0.0076506549420214,95.03749,0.5433662655571427,0.048277085254086576,0.080110193,45.0
ADRB2,0.0,0.838732221,0.814411,1.06624,2.55022,0.672835,0.918796,3.40578,4.06369,0.649181,0.550471,-0.0182814911532483,2513.68991,0.668925405,0.476493104,0.223299618,37.0
AGT,0.0,0.957427108,216.332,17.4583,76.1076,0.151938,0.869152,1007.43,0.190568,10.2313,19.1442,0.0124916534112568,587.2068,0.172807097,1.57e-09,0.104067305,252.82857142857142
APOE,0.0,0.578384088,1510.33,150.055,20.6785,2.69857,37.2269,3181.76,2.7653,191.285,3543.25,-0.0151258490859626,1533.87452,0.460647643,0.034533583,0.732608235,42.0
CACNA1C,0.0,0.514277278,2.13064,2.70827,10.652,0.0310554,5.71098,0.202653,0.0249337,4.61596,0.91873,0.000579831865009,257.23512,0.693781972,0.999998433,0.138156605,599.0
CACNA1D,0.0,0.900502883,0.865526,0.988662,0.0387712,0.730862,0.0175695,0.917359,0.0988922,3.00258,8.35908,-0.0234805224684861,728.73949,0.693386316,1.0,0.090414545,34.0
CACNA2D2,0.0,0.512173321,6.41189,3.02187,0.842963,0.126768,0.189158,0.339362,0.868236,14.7574,0.500165,-0.0053482765681067,590.52071,0.622939706,0.999693297,0.069480122,46.0
CACNB2,0.0,0.570663532,5.268,2.67937,7.71557,1.76349,2.61572,2.14918,0.0949219,1.93115,4.67696,0.0200301308937635,766.55161,0.602114379,0.001820338,0.086888835,140.88571428571427
CACNB4,0.0,0.506140704,5.30491,0.252611,0.0576818,3.22076,0.063647,0.0361896,0.0565969,3.74133,0.424746,-0.0142556310546018,22.57919,0.638582647,0.011363582,0.092927581,410.0
CAMK2B,0.0,0.504488194,75.9935,0.709074,22.8407,0.183398,0.18279,2.36737,0.0491604,2.557,0.278357,-0.0039618377250652,1301.92267,0.736296356,0.468620194,0.202883222,175.0
CAST,0.0,0.500130269,9.50173,44.5983,62.741,39.3169,93.9037,21.3231,37.05,59.966,40.0837,0.0169625805734878,804.17478,0.429466158,1.56e-06,0.080400336,1136.0
CCND1,0.0,0.957427108,9.74876,30.299,24.6997,5.42097,202.003,25.7132,0.255782,5.17559,27.445,0.0219376015179012,11.551,0.830946863,0.238186362,0.176330554,37.0
CLCN6,0.0,0.0,12.8217,12.951,7.28334,18.5344,14.7523,8.4081,3.17555,38.8683,17.9895,-0.0142079721774279,371.5394,0.575333595,0.163974191,0.0803927,171.0
CYP11B2,0.0,0.957427108,0.0,0.0,0.0,0.0,0.0,0.00948479,0.0,0.191225,89.3696,0.0107717755532879,295.69785,0.111908376,3.93e-13,0.068743802,261.87142857142857
CYP1A2,0.0,0.523864921,0.0,0.0669868,0.0,0.0593256,0.0,71.5396,0.0197973,0.105563,0.0128524,-0.0080382201026525,141.56503,0.111908376,3.29e-10,0.079824636,17.0
CYP2C19,0.0,0.523343755,0.0,0.00383093,0.0,0.0,0.0,13.2527,0.0,0.0750059,0.0,0.0124126434065738,378.83872,0.111908376,2.54e-10,0.090642318,86.22857142857143
DSP,0.0,0.528793336,0.860107,17.8792,52.8373,0.295742,9.61245,21.3464,0.289415,3.21316,16.141,-0.014038074798109,4755.60752,0.747131348,0.999901543,0.281691357,58.0
DUSP1,0.0,0.913254607,61.5061,334.694,122.691,8.24415,276.693,422.046,884.653,135.061,246.629,0.0077105411660687,218.27707,0.848568261,0.020500202,0.068746567,7.0
EDN1,0.0,0.887688063,10.0621,8.77697,3.40171,10.8395,2.44735,1.52907,0.580975,7.74557,2.28856,0.009122129384246,747.20557,0.449802697,0.081020067,0.138037323,140.0
EDNRA,0.0,0.0,1.65496,6.51635,6.15045,0.108652,5.60748,1.03118,0.0173223,6.46399,3.43355,-0.0048457215679626,6.56136,0.800036311,0.986016088,0.068017424,101.0
GJA1,0.0,0.900502883,157.685,16.6665,69.2371,0.356516,199.746,2.1737,0.305834,35.6586,439.809,0.0001699855516374,29.87324,0.833060265,0.21554685,0.718324976,132.0
GUCY1A3,0.0,0.7168049182285715,4.01855,10.2218,7.30693,2.24228,0.195905,1.48713,0.210217,0.803821,1.88244,0.005940549140658489,199.89032,0.593201816,1.41e-06,0.11937102831428571,63.0
GUCY1B3,0.0,0.5995264732714287,23.1284,11.0472,9.41733,14.9786,4.06031,2.82645,0.683765,2.78732,2.20439,0.0033411945064202933,41.67691,0.636561334,0.000916634,0.11764526572857142,75.0
HFE,0.0,0.0,0.725777,2.58984,1.07014,2.41589,15.6539,3.24452,0.806209,1.55111,8.81602,0.0035680296278078,796.87118,0.146511853,8.5e-07,0.279883438,47.0
HSPA4,0.0,0.50461047,20.7706,31.5656,25.8929,106.24,105.368,17.3389,14.1173,92.3215,49.9197,-0.0186722464174394,307.12317,0.852899194,0.999958226,0.082242709,154.0
ITGB5,0.0,0.504170682,15.28,42.6282,27.0476,1.02111,157.887,28.863,2.93269,19.041,32.6503,0.0087813310073389,1818.89628,0.705665529,0.000480019,0.157663429,945.0
KCNJ11,0.0,0.855397621,5.61769,3.52342,7.41361,0.300937,0.0179232,0.604791,0.0713407,1.13664,0.593442,0.0025168301242744,173.55232,0.714407027,0.31472413,0.350368608,42.0
LDLR,0.0,0.957427108,1.99311,14.766,4.51271,31.6294,59.4171,22.6645,3.75832,7.04122,91.7779,0.0079086440680408,654.09994,0.485596061,2.59e-16,0.571297355,100.0
MME,0.0,0.51454177,4.32828,5.5963,0.675854,0.0780681,640.484,5.8127,22.1759,0.921413,0.206853,0.0082359909247142,140.44703,0.743839204,2.19e-08,0.285645073,86.0
MYO9B,0.0,0.504688016,13.0524,13.0271,10.7193,105.092,46.6172,11.9914,65.413,81.3088,29.945,0.0100988346774146,547.26349,0.792072892,0.999998877,0.150436946,389.0
NEDD4L,0.0,0.899703515,10.2391,12.882,4.13338,3.8322,1.52243,2.45612,1.07456,4.1627,5.59453,0.0145682591674815,42.02222,0.824708164,0.999966646,0.153402565,1747.0
NPPA,0.0,0.89609491,0.899414,0.552606,35.8109,2.29444,0.726573,1.3644,1.68926,13.3073,1.80967,0.0160701801774945,1308.42229,0.244530007,0.016931635,0.137657028,11.0
NPPB,0.0,0.540693175,2.32384,0.0,26.7743,0.120796,0.0,0.114646,0.0959771,0.583287,0.158882,0.0154204907258765,41.12591,0.181705475,0.00038006,0.07979089,71.5
NPR1,0.0,0.932800606,0.890537,36.6139,7.99649,3.70879,0.6951,2.39363,0.128919,3.86741,14.0193,0.0035736070532894,1510.90255,0.711480618,0.000172509,0.092579268,31.0
NPR3,0.0,0.853179975,0.137265,6.39625,3.12747,0.0465167,10.5603,1.30813,0.0514983,0.99814,2.84903,0.0192436475667046,1772.52944,0.622939706,0.003099263,0.092733579,23.0
PDE1A,0.0,0.504234395,1.37317,20.4521,2.14804,0.0230582,0.510758,0.721368,0.0185304,18.0719,2.37502,-0.0014830992481914,40.97898,0.54646343,0.730656355,0.079649573,457.0
PGR,0.0,0.503078999,0.308606,0.681998,1.75748,0.00860162,0.0966189,0.108455,0.00555133,2.14859,1.69834,-0.0013583980754138,1363.72417,0.833875239,0.884782623,0.080393195,45.0
PKD2L1,0.0,0.553803217,0.0945043,0.0271238,0.0,0.029756,0.0,0.191789,0.0686577,4.34285,0.0585381,-0.006924418639317,3481.90583,0.250911236,6.57e-17,0.200157723,75.0
PLCD3,0.0,0.500360572,19.5016,8.79362,18.0637,0.579364,16.6327,0.628377,0.814911,19.3525,40.4021,0.0004910456202436,81.7627,0.275690168,0.000143297,0.07971031,117.0
RAD52,0.0,0.504398096,4.03628,9.06297,3.19182,8.02587,9.46846,4.63894,1.60273,10.289,6.55567,-0.0018116400292674,186.7787,0.566305161,2.38e-07,0.091143307,319.0
SHBG,0.0,0.542347219,0.731599,1.03242,0.192648,0.112384,0.422531,11.5862,0.0345498,12.3003,1.3208,-0.002763219395349,235.27173,0.123297259,0.000188842,0.071737066,55.0
SLC12A2,0.0,0.804354974,11.8702,3.42694,3.91261,14.8188,10.6474,1.67254,0.483363,15.6647,14.8726,-0.0240403837857295,115.75595,0.638582647,0.999438622,0.119126632,121.0
SLC14A2,0.0,0.500942495,0.0710127,1.66793,0.0178205,0.113287,0.0428142,0.0190877,0.0411743,0.875173,1.39574,0.0006847654821018,6537.42463,0.177065939,8.43e-14,0.090605471,208.0
SLC2A4,0.0,0.906644289,1.96851,2.15448,59.0967,0.187633,0.16155,1.46751,0.463607,7.21154,5.12207,0.0120485024061222,1219.29265,0.637993336,0.135386793,0.443624156,76.0
SLC5A1,0.0,0.500151356,0.0199596,0.449648,45.4234,0.0276677,0.0219949,1.04292,0.0157813,6.14332,0.022321,-0.0034163347221355,415.36286,0.684255004,0.008031196,0.081823812,171.12857142857143
TGFB1,0.0,0.731960198,8.11963,46.6335,11.4753,155.283,131.659,8.99936,306.449,17.7424,40.4581,0.0274303250480223,472.6638,0.831385493,0.354132528,0.318073102,158.0
VEGFA,0.0,0.528331768,13.0897,110.403,66.8859,74.4515,111.255,143.583,14.7345,8.80042,56.1953,-0.0055865758963153,95.26537,0.5357030337,0.46493363062857157,0.156523813,147.0
